file,chunk_index,rec_type,size,start_hex,header_hex,u32_0,u32_1,u32_2,u32_3,u16_8,u16_10,u16_12,u16_14,first_nonzero_after_0x10,zlib_like_offsets
/Users/acr/venus-braves/cdimage_unpacked/seven_data_link/scrdata/map/ev_kuro/ev_kuro.pma,1,2,160,0xD0,02000000ffff00005000000000000000,2,65535,80,0,80,0,0,0,16,
/Users/acr/venus-braves/cdimage_unpacked/seven_data_link/scrdata/map/ev_kuro/ev_kuro.pma,2,2,224,0x170,02000000ffff0000f000000000000000,2,65535,240,0,240,0,0,0,16,
/Users/acr/venus-braves/cdimage_unpacked/seven_data_link/scrdata/map/ev_kuro/ev_kuro.pma,3,2,288,0x250,02000000ffff00009001000000000000,2,65535,400,0,400,0,0,0,16,
/Users/acr/venus-braves/cdimage_unpacked/seven_data_link/scrdata/map/ev_kuro/ev_kuro.pma,4,2,448,0x370,02000000ffff00007002000000000000,2,65535,624,0,624,0,0,0,16,
/Users/acr/venus-braves/cdimage_unpacked/seven_data_link/scrdata/map/ev_kuro/ev_kuro.pma,5,2,480,0x530,02000000ffff00009003000000000000,2,65535,912,0,912,0,0,0,16,
/Users/acr/venus-braves/cdimage_unpacked/seven_data_link/scrdata/map/ev_kuro/ev_kuro.pma,6,2,256,0x710,02000000ffff00005005000000000000,2,65535,1360,0,1360,0,0,0,16,
/Users/acr/venus-braves/cdimage_unpacked/seven_data_link/scrdata/map/ev_kuro/ev_kuro.pma,7,2,192,0x810,02000000ffff00003007000000000000,2,65535,1840,0,1840,0,0,0,16,
/Users/acr/venus-braves/cdimage_unpacked/seven_data_link/scrdata/map/ev_kuro/ev_kuro.pma,8,2,160,0x8D0,02000000ffff00003008000000000000,2,65535,2096,0,2096,0,0,0,16,
/Users/acr/venus-braves/cdimage_unpacked/seven_data_link/scrdata/map/ev_kuro/ev_kuro.pma,9,2,160,0x970,02000000ffff0000f008000000000000,2,65535,2288,0,2288,0,0,0,16,
/Users/acr/venus-braves/cdimage_unpacked/seven_data_link/scrdata/map/ev_kuro/ev_kuro.pma,10,2,160,0xA10,02000000ffff00009009000000000000,2,65535,2448,0,2448,0,0,0,16,
/Users/acr/venus-braves/cdimage_unpacked/seven_data_link/scrdata/map/ev_kuro/ev_kuro.pma,11,2,160,0xAB0,02000000ffff0000300a000000000000,2,65535,2608,0,2608,0,0,0,16,
/Users/acr/venus-braves/cdimage_unpacked/seven_data_link/scrdata/map/ev_kuro/ev_kuro.pma,12,2,192,0xB50,02000000ffff0000d00a000000000000,2,65535,2768,0,2768,0,0,0,16,
/Users/acr/venus-braves/cdimage_unpacked/seven_data_link/scrdata/map/ev_kuro/ev_kuro.pma,13,2,256,0xC10,02000000ffff0000700b000000000000,2,65535,2928,0,2928,0,0,0,16,
/Users/acr/venus-braves/cdimage_unpacked/seven_data_link/scrdata/map/ev_kuro/ev_kuro.pma,14,2,640,0xD10,02000000ffff0000300c000000000000,2,65535,3120,0,3120,0,0,0,16,
/Users/acr/venus-braves/cdimage_unpacked/seven_data_link/scrdata/map/ev_kuro/ev_kuro.pma,15,2,736,0xF90,02000000ffff0000300d000000000000,2,65535,3376,0,3376,0,0,0,16,
/Users/acr/venus-braves/cdimage_unpacked/seven_data_link/scrdata/map/ev_kuro/ev_kuro.pma,16,2,256,0x1270,02000000ffff0000b00f000000000000,2,65535,4016,0,4016,0,0,0,16,
/Users/acr/venus-braves/cdimage_unpacked/seven_data_link/scrdata/map/ev_kuro/ev_kuro.pma,17,2,192,0x1370,02000000ffff00009012000000000000,2,65535,4752,0,4752,0,0,0,17,
/Users/acr/venus-braves/cdimage_unpacked/seven_data_link/scrdata/map/ev_kuro/ev_kuro.pma,18,2,160,0x1430,02000000ffff00009013000000000000,2,65535,5008,0,5008,0,0,0,16,
/Users/acr/venus-braves/cdimage_unpacked/seven_data_link/scrdata/map/ev_kuro/ev_kuro.pma,19,2,160,0x14D0,02000000ffff00005014000000000000,2,65535,5200,0,5200,0,0,0,16,
/Users/acr/venus-braves/cdimage_unpacked/seven_data_link/scrdata/map/ev_kuro/ev_kuro.pma,20,2,160,0x1570,02000000ffff0000f014000000000000,2,65535,5360,0,5360,0,0,0,16,
/Users/acr/venus-braves/cdimage_unpacked/seven_data_link/scrdata/map/ev_kuro/ev_kuro.pma,21,2,160,0x1610,02000000ffff00009015000000000000,2,65535,5520,0,5520,0,0,0,16,
/Users/acr/venus-braves/cdimage_unpacked/seven_data_link/scrdata/map/ev_kuro/ev_kuro.pma,22,2,192,0x16B0,02000000ffff00003016000000000000,2,65535,5680,0,5680,0,0,0,16,
/Users/acr/venus-braves/cdimage_unpacked/seven_data_link/scrdata/map/ev_kuro/ev_kuro.pma,23,2,256,0x1770,02000000ffff0000d016000000000000,2,65535,5840,0,5840,0,0,0,16,
/Users/acr/venus-braves/cdimage_unpacked/seven_data_link/scrdata/map/ev_kuro/ev_kuro.pma,24,2,896,0x1870,02000000ffff00009017000000000000,2,65535,6032,0,6032,0,0,0,17,
/Users/acr/venus-braves/cdimage_unpacked/seven_data_link/scrdata/map/ev_kuro/ev_kuro.pma,25,2,992,0x1BF0,02000000ffff00009018000000000000,2,65535,6288,0,6288,0,0,0,16,
/Users/acr/venus-braves/cdimage_unpacked/seven_data_link/scrdata/map/ev_kuro/ev_kuro.pma,26,2,288,0x1FD0,02000000ffff0000101c000000000000,2,65535,7184,0,7184,0,0,0,16,
/Users/acr/venus-braves/cdimage_unpacked/seven_data_link/scrdata/map/ev_kuro/ev_kuro.pma,27,2,192,0x20F0,02000000ffff0000f01f000000000000,2,65535,8176,0,8176,0,0,0,16,
/Users/acr/venus-braves/cdimage_unpacked/seven_data_link/scrdata/map/ev_kuro/ev_kuro.pma,28,2,160,0x21B0,02000000ffff00001021000000000000,2,65535,8464,0,8464,0,0,0,16,
/Users/acr/venus-braves/cdimage_unpacked/seven_data_link/scrdata/map/ev_kuro/ev_kuro.pma,29,2,160,0x2250,02000000ffff0000d021000000000000,2,65535,8656,0,8656,0,0,0,16,
/Users/acr/venus-braves/cdimage_unpacked/seven_data_link/scrdata/map/ev_kuro/ev_kuro.pma,30,2,160,0x22F0,02000000ffff00007022000000000000,2,65535,8816,0,8816,0,0,0,16,
/Users/acr/venus-braves/cdimage_unpacked/seven_data_link/scrdata/map/ev_kuro/ev_kuro.pma,31,2,160,0x2390,02000000ffff00001023000000000000,2,65535,8976,0,8976,0,0,0,16,
/Users/acr/venus-braves/cdimage_unpacked/seven_data_link/scrdata/map/ev_kuro/ev_kuro.pma,32,2,192,0x2430,02000000ffff0000b023000000000000,2,65535,9136,0,9136,0,0,0,16,
/Users/acr/venus-braves/cdimage_unpacked/seven_data_link/scrdata/map/ev_kuro/ev_kuro.pma,33,2,256,0x24F0,02000000ffff00005024000000000000,2,65535,9296,0,9296,0,0,0,16,
/Users/acr/venus-braves/cdimage_unpacked/seven_data_link/scrdata/map/ev_kuro/ev_kuro.pma,34,2,1056,0x25F0,02000000ffff00001025000000000000,2,65535,9488,0,9488,0,0,0,16,
/Users/acr/venus-braves/cdimage_unpacked/seven_data_link/scrdata/map/ev_kuro/ev_kuro.pma,35,2,1408,0x2A10,02000000ffff00001026000000000000,2,65535,9744,0,9744,0,0,0,16,0x49
/Users/acr/venus-braves/cdimage_unpacked/seven_data_link/scrdata/map/ev_kuro/ev_kuro.pma,36,2,1184,0x2F90,02000000ffff0000302a000000000000,2,65535,10800,0,10800,0,0,0,16,
/Users/acr/venus-braves/cdimage_unpacked/seven_data_link/scrdata/map/ev_kuro/ev_kuro.pma,37,2,192,0x3430,02000000ffff0000b02f000000000000,2,65535,12208,0,12208,0,0,0,16,
/Users/acr/venus-braves/cdimage_unpacked/seven_data_link/scrdata/map/ev_kuro/ev_kuro.pma,38,2,160,0x34F0,02000000ffff00005034000000000000,2,65535,13392,0,13392,0,0,0,16,
/Users/acr/venus-braves/cdimage_unpacked/seven_data_link/scrdata/map/ev_kuro/ev_kuro.pma,39,2,160,0x3590,02000000ffff00001035000000000000,2,65535,13584,0,13584,0,0,0,16,
/Users/acr/venus-braves/cdimage_unpacked/seven_data_link/scrdata/map/ev_kuro/ev_kuro.pma,40,2,160,0x3630,02000000ffff0000b035000000000000,2,65535,13744,0,13744,0,0,0,16,
/Users/acr/venus-braves/cdimage_unpacked/seven_data_link/scrdata/map/ev_kuro/ev_kuro.pma,41,2,160,0x36D0,02000000ffff00005036000000000000,2,65535,13904,0,13904,0,0,0,16,
/Users/acr/venus-braves/cdimage_unpacked/seven_data_link/scrdata/map/ev_kuro/ev_kuro.pma,42,2,192,0x3770,02000000ffff0000f036000000000000,2,65535,14064,0,14064,0,0,0,16,
/Users/acr/venus-braves/cdimage_unpacked/seven_data_link/scrdata/map/ev_kuro/ev_kuro.pma,43,2,288,0x3830,02000000ffff00009037000000000000,2,65535,14224,0,14224,0,0,0,16,
/Users/acr/venus-braves/cdimage_unpacked/seven_data_link/scrdata/map/ev_kuro/ev_kuro.pma,44,2,1056,0x3950,02000000ffff00005038000000000000,2,65535,14416,0,14416,0,0,0,16,
/Users/acr/venus-braves/cdimage_unpacked/seven_data_link/scrdata/map/ev_kuro/ev_kuro.pma,45,2,1152,0x3D70,02000000ffff00007039000000000000,2,65535,14704,0,14704,0,0,0,16,
/Users/acr/venus-braves/cdimage_unpacked/seven_data_link/scrdata/map/ev_kuro/ev_kuro.pma,46,2,1248,0x41F0,02000000ffff0000903d000000000000,2,65535,15760,0,15760,0,0,0,16,
/Users/acr/venus-braves/cdimage_unpacked/seven_data_link/scrdata/map/ev_kuro/ev_kuro.pma,47,2,256,0x46D0,02000000ffff00001042000000000000,2,65535,16912,0,16912,0,0,0,16,
/Users/acr/venus-braves/cdimage_unpacked/seven_data_link/scrdata/map/ev_kuro/ev_kuro.pma,48,2,160,0x47D0,02000000ffff0000f046000000000000,2,65535,18160,0,18160,0,0,0,16,
/Users/acr/venus-braves/cdimage_unpacked/seven_data_link/scrdata/map/ev_kuro/ev_kuro.pma,49,2,160,0x4870,02000000ffff0000f047000000000000,2,65535,18416,0,18416,0,0,0,16,
/Users/acr/venus-braves/cdimage_unpacked/seven_data_link/scrdata/map/ev_kuro/ev_kuro.pma,50,2,160,0x4910,02000000ffff00009048000000000000,2,65535,18576,0,18576,0,0,0,16,
/Users/acr/venus-braves/cdimage_unpacked/seven_data_link/scrdata/map/ev_kuro/ev_kuro.pma,51,2,160,0x49B0,02000000ffff00003049000000000000,2,65535,18736,0,18736,0,0,0,16,
/Users/acr/venus-braves/cdimage_unpacked/seven_data_link/scrdata/map/ev_kuro/ev_kuro.pma,52,2,192,0x4A50,02000000ffff0000d049000000000000,2,65535,18896,0,18896,0,0,0,16,
/Users/acr/venus-braves/cdimage_unpacked/seven_data_link/scrdata/map/ev_kuro/ev_kuro.pma,53,2,288,0x4B10,02000000ffff0000704a000000000000,2,65535,19056,0,19056,0,0,0,16,
/Users/acr/venus-braves/cdimage_unpacked/seven_data_link/scrdata/map/ev_kuro/ev_kuro.pma,54,2,1888,0x4C30,02000000ffff0000304b000000000000,2,65535,19248,0,19248,0,0,0,16,
/Users/acr/venus-braves/cdimage_unpacked/seven_data_link/scrdata/map/ev_kuro/ev_kuro.pma,55,2,2112,0x5390,02000000ffff0000504c000000000000,2,65535,19536,0,19536,0,0,0,16,
/Users/acr/venus-braves/cdimage_unpacked/seven_data_link/scrdata/map/ev_kuro/ev_kuro.pma,56,2,160,0x5BD0,02000000ffff0000b053000000000000,2,65535,21424,0,21424,0,0,0,16,
/Users/acr/venus-braves/cdimage_unpacked/seven_data_link/scrdata/map/ev_kuro/ev_kuro.pma,57,2,160,0x5C70,02000000ffff0000f05b000000000000,2,65535,23536,0,23536,0,0,0,16,
/Users/acr/venus-braves/cdimage_unpacked/seven_data_link/scrdata/map/ev_kuro/ev_kuro.pma,58,2,160,0x5D10,02000000ffff0000905c000000000000,2,65535,23696,0,23696,0,0,0,16,
/Users/acr/venus-braves/cdimage_unpacked/seven_data_link/scrdata/map/ev_kuro/ev_kuro.pma,59,2,160,0x5DB0,02000000ffff0000305d000000000000,2,65535,23856,0,23856,0,0,0,16,
/Users/acr/venus-braves/cdimage_unpacked/seven_data_link/scrdata/map/ev_kuro/ev_kuro.pma,60,2,160,0x5E50,02000000ffff0000d05d000000000000,2,65535,24016,0,24016,0,0,0,16,
/Users/acr/venus-braves/cdimage_unpacked/seven_data_link/scrdata/map/ev_kuro/ev_kuro.pma,61,2,160,0x5EF0,02000000ffff0000705e000000000000,2,65535,24176,0,24176,0,0,0,16,
/Users/acr/venus-braves/cdimage_unpacked/seven_data_link/scrdata/map/ev_kuro/ev_kuro.pma,62,2,192,0x5F90,02000000ffff0000105f000000000000,2,65535,24336,0,24336,0,0,0,16,
/Users/acr/venus-braves/cdimage_unpacked/seven_data_link/scrdata/map/ev_kuro/ev_kuro.pma,63,2,864,0x6050,02000000ffff0000b05f000000000000,2,65535,24496,0,24496,0,0,0,17,
/Users/acr/venus-braves/cdimage_unpacked/seven_data_link/scrdata/map/ev_kuro/ev_kuro.pma,64,2,2048,0x63B0,02000000ffff00007060000000000000,2,65535,24688,0,24688,0,0,0,16,
/Users/acr/venus-braves/cdimage_unpacked/seven_data_link/scrdata/map/ev_kuro/ev_kuro.pma,65,2,1504,0x6BB0,02000000ffff0000d063000000000000,2,65535,25552,0,25552,0,0,0,16,
/Users/acr/venus-braves/cdimage_unpacked/seven_data_link/scrdata/map/ev_kuro/ev_kuro.pma,66,2,160,0x7190,02000000ffff0000d06b000000000000,2,65535,27600,0,27600,0,0,0,16,
/Users/acr/venus-braves/cdimage_unpacked/seven_data_link/scrdata/map/ev_kuro/ev_kuro.pma,67,2,160,0x7230,02000000ffff0000b071000000000000,2,65535,29104,0,29104,0,0,0,16,
/Users/acr/venus-braves/cdimage_unpacked/seven_data_link/scrdata/map/ev_kuro/ev_kuro.pma,68,2,160,0x72D0,02000000ffff00005072000000000000,2,65535,29264,0,29264,0,0,0,16,
/Users/acr/venus-braves/cdimage_unpacked/seven_data_link/scrdata/map/ev_kuro/ev_kuro.pma,69,2,160,0x7370,02000000ffff0000f072000000000000,2,65535,29424,0,29424,0,0,0,16,
/Users/acr/venus-braves/cdimage_unpacked/seven_data_link/scrdata/map/ev_kuro/ev_kuro.pma,70,2,160,0x7410,02000000ffff00009073000000000000,2,65535,29584,0,29584,0,0,0,16,
/Users/acr/venus-braves/cdimage_unpacked/seven_data_link/scrdata/map/ev_kuro/ev_kuro.pma,71,2,160,0x74B0,02000000ffff00003074000000000000,2,65535,29744,0,29744,0,0,0,16,
/Users/acr/venus-braves/cdimage_unpacked/seven_data_link/scrdata/map/ev_kuro/ev_kuro.pma,72,2,192,0x7550,02000000ffff0000d074000000000000,2,65535,29904,0,29904,0,0,0,16,
/Users/acr/venus-braves/cdimage_unpacked/seven_data_link/scrdata/map/ev_kuro/ev_kuro.pma,73,2,1472,0x7610,02000000ffff00007075000000000000,2,65535,30064,0,30064,0,0,0,16,
/Users/acr/venus-braves/cdimage_unpacked/seven_data_link/scrdata/map/ev_kuro/ev_kuro.pma,74,2,2080,0x7BD0,02000000ffff00003076000000000000,2,65535,30256,0,30256,0,0,0,17,
/Users/acr/venus-braves/cdimage_unpacked/seven_data_link/scrdata/map/ev_kuro/ev_kuro.pma,75,2,992,0x83F0,02000000ffff0000f07b000000000000,2,65535,31728,0,31728,0,0,0,16,
/Users/acr/venus-braves/cdimage_unpacked/seven_data_link/scrdata/map/ev_kuro/ev_kuro.pma,76,2,160,0x87D0,02000000ffff00001084000000000000,2,65535,33808,0,33808,0,0,0,16,
/Users/acr/venus-braves/cdimage_unpacked/seven_data_link/scrdata/map/ev_kuro/ev_kuro.pma,77,2,160,0x8870,02000000ffff0000f087000000000000,2,65535,34800,0,34800,0,0,0,16,
/Users/acr/venus-braves/cdimage_unpacked/seven_data_link/scrdata/map/ev_kuro/ev_kuro.pma,78,2,160,0x8910,02000000ffff00009088000000000000,2,65535,34960,0,34960,0,0,0,16,
/Users/acr/venus-braves/cdimage_unpacked/seven_data_link/scrdata/map/ev_kuro/ev_kuro.pma,79,2,160,0x89B0,02000000ffff00003089000000000000,2,65535,35120,0,35120,0,0,0,16,
/Users/acr/venus-braves/cdimage_unpacked/seven_data_link/scrdata/map/ev_kuro/ev_kuro.pma,80,2,160,0x8A50,02000000ffff0000d089000000000000,2,65535,35280,0,35280,0,0,0,16,
/Users/acr/venus-braves/cdimage_unpacked/seven_data_link/scrdata/map/ev_kuro/ev_kuro.pma,81,2,160,0x8AF0,02000000ffff0000708a000000000000,2,65535,35440,0,35440,0,0,0,16,
/Users/acr/venus-braves/cdimage_unpacked/seven_data_link/scrdata/map/ev_kuro/ev_kuro.pma,82,2,192,0x8B90,02000000ffff0000108b000000000000,2,65535,35600,0,35600,0,0,0,16,
/Users/acr/venus-braves/cdimage_unpacked/seven_data_link/scrdata/map/ev_kuro/ev_kuro.pma,83,2,1696,0x8C50,02000000ffff0000b08b000000000000,2,65535,35760,0,35760,0,0,0,17,
/Users/acr/venus-braves/cdimage_unpacked/seven_data_link/scrdata/map/ev_kuro/ev_kuro.pma,84,2,2528,0x92F0,02000000ffff0000708c000000000000,2,65535,35952,0,35952,0,0,0,16,
/Users/acr/venus-braves/cdimage_unpacked/seven_data_link/scrdata/map/ev_kuro/ev_kuro.pma,85,2,1472,0x9CD0,02000000ffff00001093000000000000,2,65535,37648,0,37648,0,0,0,16,
/Users/acr/venus-braves/cdimage_unpacked/seven_data_link/scrdata/map/ev_kuro/ev_kuro.pma,86,2,352,0xA290,02000000ffff0000f09c000000000000,2,65535,40176,0,40176,0,0,0,16,
/Users/acr/venus-braves/cdimage_unpacked/seven_data_link/scrdata/map/ev_kuro/ev_kuro.pma,87,2,160,0xA3F0,02000000ffff0000b0a2000000000000,2,65535,41648,0,41648,0,0,0,16,
/Users/acr/venus-braves/cdimage_unpacked/seven_data_link/scrdata/map/ev_kuro/ev_kuro.pma,88,2,160,0xA490,02000000ffff000010a4000000000000,2,65535,42000,0,42000,0,0,0,16,
/Users/acr/venus-braves/cdimage_unpacked/seven_data_link/scrdata/map/ev_kuro/ev_kuro.pma,89,2,160,0xA530,02000000ffff0000b0a4000000000000,2,65535,42160,0,42160,0,0,0,16,
/Users/acr/venus-braves/cdimage_unpacked/seven_data_link/scrdata/map/ev_kuro/ev_kuro.pma,90,2,160,0xA5D0,02000000ffff000050a5000000000000,2,65535,42320,0,42320,0,0,0,16,
/Users/acr/venus-braves/cdimage_unpacked/seven_data_link/scrdata/map/ev_kuro/ev_kuro.pma,91,2,160,0xA670,02000000ffff0000f0a5000000000000,2,65535,42480,0,42480,0,0,0,16,
/Users/acr/venus-braves/cdimage_unpacked/seven_data_link/scrdata/map/ev_kuro/ev_kuro.pma,92,2,192,0xA710,02000000ffff000090a6000000000000,2,65535,42640,0,42640,0,0,0,16,
/Users/acr/venus-braves/cdimage_unpacked/seven_data_link/scrdata/map/ev_kuro/ev_kuro.pma,93,2,1888,0xA7D0,02000000ffff000030a7000000000000,2,65535,42800,0,42800,0,0,0,16,
/Users/acr/venus-braves/cdimage_unpacked/seven_data_link/scrdata/map/ev_kuro/ev_kuro.pma,94,2,3232,0xAF30,02000000ffff0000f0a7000000000000,2,65535,42992,0,42992,0,0,0,16,
/Users/acr/venus-braves/cdimage_unpacked/seven_data_link/scrdata/map/ev_kuro/ev_kuro.pma,95,2,2784,0xBBD0,02000000ffff000050af000000000000,2,65535,44880,0,44880,0,0,0,16,0x9f
/Users/acr/venus-braves/cdimage_unpacked/seven_data_link/scrdata/map/ev_kuro/ev_kuro.pma,96,2,3040,0xC6B0,02000000ffff0000f0bb000000000000,2,65535,48112,0,48112,0,0,0,16,
/Users/acr/venus-braves/cdimage_unpacked/seven_data_link/scrdata/map/ev_kuro/ev_kuro.pma,97,2,256,0xD290,02000000ffff0000d0c6000000000000,2,65535,50896,0,50896,0,0,0,16,
/Users/acr/venus-braves/cdimage_unpacked/seven_data_link/scrdata/map/ev_kuro/ev_kuro.pma,98,2,160,0xD390,02000000ffff0000b0d2000000000000,2,65535,53936,0,53936,0,0,0,16,
/Users/acr/venus-braves/cdimage_unpacked/seven_data_link/scrdata/map/ev_kuro/ev_kuro.pma,99,2,160,0xD430,02000000ffff0000b0d3000000000000,2,65535,54192,0,54192,0,0,0,16,
/Users/acr/venus-braves/cdimage_unpacked/seven_data_link/scrdata/map/ev_kuro/ev_kuro.pma,100,2,160,0xD4D0,02000000ffff000050d4000000000000,2,65535,54352,0,54352,0,0,0,16,
/Users/acr/venus-braves/cdimage_unpacked/seven_data_link/scrdata/map/ev_kuro/ev_kuro.pma,101,2,160,0xD570,02000000ffff0000f0d4000000000000,2,65535,54512,0,54512,0,0,0,16,
/Users/acr/venus-braves/cdimage_unpacked/seven_data_link/scrdata/map/ev_kuro/ev_kuro.pma,102,2,192,0xD610,02000000ffff000090d5000000000000,2,65535,54672,0,54672,0,0,0,16,
/Users/acr/venus-braves/cdimage_unpacked/seven_data_link/scrdata/map/ev_kuro/ev_kuro.pma,103,2,2304,0xD6D0,02000000ffff000030d6000000000000,2,65535,54832,0,54832,0,0,0,16,
/Users/acr/venus-braves/cdimage_unpacked/seven_data_link/scrdata/map/ev_kuro/ev_kuro.pma,104,2,3456,0xDFD0,02000000ffff0000f0d6000000000000,2,65535,55024,0,55024,0,0,0,16,
/Users/acr/venus-braves/cdimage_unpacked/seven_data_link/scrdata/map/ev_kuro/ev_kuro.pma,105,2,3296,0xED50,02000000ffff0000f0df000000000000,2,65535,57328,0,57328,0,0,0,16,
/Users/acr/venus-braves/cdimage_unpacked/seven_data_link/scrdata/map/ev_kuro/ev_kuro.pma,106,2,3424,0xFA30,02000000ffff000070ed000000000000,2,65535,60784,0,60784,0,0,0,16,
/Users/acr/venus-braves/cdimage_unpacked/seven_data_link/scrdata/map/ev_kuro/ev_kuro.pma,107,2,192,0x10790,02000000ffff000050fa000000000000,2,65535,64080,0,64080,0,0,0,16,
/Users/acr/venus-braves/cdimage_unpacked/seven_data_link/scrdata/map/ev_kuro/ev_kuro.pma,108,2,160,0x10850,02000000ffff0000b007010000000000,2,65535,67504,0,1968,1,0,0,17,
/Users/acr/venus-braves/cdimage_unpacked/seven_data_link/scrdata/map/ev_kuro/ev_kuro.pma,109,2,160,0x108F0,02000000ffff00007008010000000000,2,65535,67696,0,2160,1,0,0,16,
/Users/acr/venus-braves/cdimage_unpacked/seven_data_link/scrdata/map/ev_kuro/ev_kuro.pma,110,2,160,0x10990,02000000ffff00001009010000000000,2,65535,67856,0,2320,1,0,0,16,
/Users/acr/venus-braves/cdimage_unpacked/seven_data_link/scrdata/map/ev_kuro/ev_kuro.pma,111,2,160,0x10A30,02000000ffff0000b009010000000000,2,65535,68016,0,2480,1,0,0,16,
/Users/acr/venus-braves/cdimage_unpacked/seven_data_link/scrdata/map/ev_kuro/ev_kuro.pma,112,2,160,0x10AD0,02000000ffff0000500a010000000000,2,65535,68176,0,2640,1,0,0,16,
/Users/acr/venus-braves/cdimage_unpacked/seven_data_link/scrdata/map/ev_kuro/ev_kuro.pma,113,2,2656,0x10B70,02000000ffff0000f00a010000000000,2,65535,68336,0,2800,1,0,0,16,
/Users/acr/venus-braves/cdimage_unpacked/seven_data_link/scrdata/map/ev_kuro/ev_kuro.pma,114,2,3200,0x115D0,02000000ffff0000900b010000000000,2,65535,68496,0,2960,1,0,0,16,
/Users/acr/venus-braves/cdimage_unpacked/seven_data_link/scrdata/map/ev_kuro/ev_kuro.pma,115,2,3520,0x12250,02000000ffff0000f015010000000000,2,65535,71152,0,5616,1,0,0,16,
/Users/acr/venus-braves/cdimage_unpacked/seven_data_link/scrdata/map/ev_kuro/ev_kuro.pma,116,2,3712,0x13010,02000000ffff00007022010000000000,2,65535,74352,0,8816,1,0,0,16,
/Users/acr/venus-braves/cdimage_unpacked/seven_data_link/scrdata/map/ev_kuro/ev_kuro.pma,117,2,224,0x13E90,02000000ffff00003030010000000000,2,65535,77872,0,12336,1,0,0,16,
/Users/acr/venus-braves/cdimage_unpacked/seven_data_link/scrdata/map/ev_kuro/ev_kuro.pma,118,2,160,0x13F70,02000000ffff0000b03e010000000000,2,65535,81584,0,16048,1,0,0,16,
/Users/acr/venus-braves/cdimage_unpacked/seven_data_link/scrdata/map/ev_kuro/ev_kuro.pma,119,2,160,0x14010,02000000ffff0000903f010000000000,2,65535,81808,0,16272,1,0,0,16,
/Users/acr/venus-braves/cdimage_unpacked/seven_data_link/scrdata/map/ev_kuro/ev_kuro.pma,120,2,160,0x140B0,02000000ffff00003040010000000000,2,65535,81968,0,16432,1,0,0,16,
/Users/acr/venus-braves/cdimage_unpacked/seven_data_link/scrdata/map/ev_kuro/ev_kuro.pma,121,2,160,0x14150,02000000ffff0000d040010000000000,2,65535,82128,0,16592,1,0,0,16,
/Users/acr/venus-braves/cdimage_unpacked/seven_data_link/scrdata/map/ev_kuro/ev_kuro.pma,122,2,160,0x141F0,02000000ffff00007041010000000000,2,65535,82288,0,16752,1,0,0,16,
/Users/acr/venus-braves/cdimage_unpacked/seven_data_link/scrdata/map/ev_kuro/ev_kuro.pma,123,2,3040,0x14290,02000000ffff00001042010000000000,2,65535,82448,0,16912,1,0,0,16,
/Users/acr/venus-braves/cdimage_unpacked/seven_data_link/scrdata/map/ev_kuro/ev_kuro.pma,124,2,3552,0x14E70,02000000ffff0000b042010000000000,2,65535,82608,0,17072,1,0,0,16,
/Users/acr/venus-braves/cdimage_unpacked/seven_data_link/scrdata/map/ev_kuro/ev_kuro.pma,125,2,3872,0x15C50,02000000ffff0000904e010000000000,2,65535,85648,0,20112,1,0,0,16,
/Users/acr/venus-braves/cdimage_unpacked/seven_data_link/scrdata/map/ev_kuro/ev_kuro.pma,126,2,3680,0x16B70,02000000ffff0000705c010000000000,2,65535,89200,0,23664,1,0,0,16,
/Users/acr/venus-braves/cdimage_unpacked/seven_data_link/scrdata/map/ev_kuro/ev_kuro.pma,127,2,224,0x179D0,02000000ffff0000906b010000000000,2,65535,93072,0,27536,1,0,0,16,
/Users/acr/venus-braves/cdimage_unpacked/seven_data_link/scrdata/map/ev_kuro/ev_kuro.pma,128,2,160,0x17AB0,02000000ffff0000f079010000000000,2,65535,96752,0,31216,1,0,0,16,
/Users/acr/venus-braves/cdimage_unpacked/seven_data_link/scrdata/map/ev_kuro/ev_kuro.pma,129,2,160,0x17B50,02000000ffff0000d07a010000000000,2,65535,96976,0,31440,1,0,0,16,
/Users/acr/venus-braves/cdimage_unpacked/seven_data_link/scrdata/map/ev_kuro/ev_kuro.pma,130,2,160,0x17BF0,02000000ffff0000707b010000000000,2,65535,97136,0,31600,1,0,0,16,
/Users/acr/venus-braves/cdimage_unpacked/seven_data_link/scrdata/map/ev_kuro/ev_kuro.pma,131,2,160,0x17C90,02000000ffff0000107c010000000000,2,65535,97296,0,31760,1,0,0,16,
/Users/acr/venus-braves/cdimage_unpacked/seven_data_link/scrdata/map/ev_kuro/ev_kuro.pma,132,2,160,0x17D30,02000000ffff0000b07c010000000000,2,65535,97456,0,31920,1,0,0,16,
/Users/acr/venus-braves/cdimage_unpacked/seven_data_link/scrdata/map/ev_kuro/ev_kuro.pma,133,2,3136,0x17DD0,02000000ffff0000507d010000000000,2,65535,97616,0,32080,1,0,0,16,
/Users/acr/venus-braves/cdimage_unpacked/seven_data_link/scrdata/map/ev_kuro/ev_kuro.pma,134,2,3168,0x18A10,02000000ffff0000f07d010000000000,2,65535,97776,0,32240,1,0,0,17,
/Users/acr/venus-braves/cdimage_unpacked/seven_data_link/scrdata/map/ev_kuro/ev_kuro.pma,135,2,2848,0x19670,02000000ffff0000308a010000000000,2,65535,100912,0,35376,1,0,0,16,
/Users/acr/venus-braves/cdimage_unpacked/seven_data_link/scrdata/map/ev_kuro/ev_kuro.pma,136,2,3168,0x1A190,02000000ffff00009096010000000000,2,65535,104080,0,38544,1,0,0,16,
/Users/acr/venus-braves/cdimage_unpacked/seven_data_link/scrdata/map/ev_kuro/ev_kuro.pma,137,2,448,0x1ADF0,02000000ffff0000b0a1010000000000,2,65535,106928,0,41392,1,0,0,16,
/Users/acr/venus-braves/cdimage_unpacked/seven_data_link/scrdata/map/ev_kuro/ev_kuro.pma,138,2,160,0x1AFB0,02000000ffff000010ae010000000000,2,65535,110096,0,44560,1,0,0,16,
/Users/acr/venus-braves/cdimage_unpacked/seven_data_link/scrdata/map/ev_kuro/ev_kuro.pma,139,2,160,0x1B050,02000000ffff0000d0af010000000000,2,65535,110544,0,45008,1,0,0,16,
/Users/acr/venus-braves/cdimage_unpacked/seven_data_link/scrdata/map/ev_kuro/ev_kuro.pma,140,2,160,0x1B0F0,02000000ffff000070b0010000000000,2,65535,110704,0,45168,1,0,0,16,
/Users/acr/venus-braves/cdimage_unpacked/seven_data_link/scrdata/map/ev_kuro/ev_kuro.pma,141,2,160,0x1B190,02000000ffff000010b1010000000000,2,65535,110864,0,45328,1,0,0,16,
/Users/acr/venus-braves/cdimage_unpacked/seven_data_link/scrdata/map/ev_kuro/ev_kuro.pma,142,2,192,0x1B230,02000000ffff0000b0b1010000000000,2,65535,111024,0,45488,1,0,0,16,
/Users/acr/venus-braves/cdimage_unpacked/seven_data_link/scrdata/map/ev_kuro/ev_kuro.pma,143,2,3648,0x1B2F0,02000000ffff000050b2010000000000,2,65535,111184,0,45648,1,0,0,16,
/Users/acr/venus-braves/cdimage_unpacked/seven_data_link/scrdata/map/ev_kuro/ev_kuro.pma,144,2,3776,0x1C130,02000000ffff000010b3010000000000,2,65535,111376,0,45840,1,0,0,16,
/Users/acr/venus-braves/cdimage_unpacked/seven_data_link/scrdata/map/ev_kuro/ev_kuro.pma,145,2,3488,0x1CFF0,02000000ffff000050c1010000000000,2,65535,115024,0,49488,1,0,0,16,
/Users/acr/venus-braves/cdimage_unpacked/seven_data_link/scrdata/map/ev_kuro/ev_kuro.pma,146,2,3936,0x1DD90,02000000ffff000010d0010000000000,2,65535,118800,0,53264,1,0,0,16,
/Users/acr/venus-braves/cdimage_unpacked/seven_data_link/scrdata/map/ev_kuro/ev_kuro.pma,147,2,608,0x1ECF0,02000000ffff0000b0dd010000000000,2,65535,122288,0,56752,1,0,0,16,
/Users/acr/venus-braves/cdimage_unpacked/seven_data_link/scrdata/map/ev_kuro/ev_kuro.pma,148,2,160,0x1EF50,02000000ffff000010ed010000000000,2,65535,126224,0,60688,1,0,0,16,
/Users/acr/venus-braves/cdimage_unpacked/seven_data_link/scrdata/map/ev_kuro/ev_kuro.pma,149,2,160,0x1EFF0,02000000ffff000070ef010000000000,2,65535,126832,0,61296,1,0,0,16,
/Users/acr/venus-braves/cdimage_unpacked/seven_data_link/scrdata/map/ev_kuro/ev_kuro.pma,150,2,160,0x1F090,02000000ffff000010f0010000000000,2,65535,126992,0,61456,1,0,0,16,
/Users/acr/venus-braves/cdimage_unpacked/seven_data_link/scrdata/map/ev_kuro/ev_kuro.pma,151,2,160,0x1F130,02000000ffff0000b0f0010000000000,2,65535,127152,0,61616,1,0,0,16,
/Users/acr/venus-braves/cdimage_unpacked/seven_data_link/scrdata/map/ev_kuro/ev_kuro.pma,152,2,224,0x1F1D0,02000000ffff000050f1010000000000,2,65535,127312,0,61776,1,0,0,16,
/Users/acr/venus-braves/cdimage_unpacked/seven_data_link/scrdata/map/ev_kuro/ev_kuro.pma,153,2,3680,0x1F2B0,02000000ffff0000f0f1010000000000,2,65535,127472,0,61936,1,0,0,16,
/Users/acr/venus-braves/cdimage_unpacked/seven_data_link/scrdata/map/ev_kuro/ev_kuro.pma,154,2,3488,0x20110,02000000ffff0000d0f2010000000000,2,65535,127696,0,62160,1,0,0,16,
/Users/acr/venus-braves/cdimage_unpacked/seven_data_link/scrdata/map/ev_kuro/ev_kuro.pma,155,2,3520,0x20EB0,02000000ffff00003001020000000000,2,65535,131376,0,304,2,0,0,16,
/Users/acr/venus-braves/cdimage_unpacked/seven_data_link/scrdata/map/ev_kuro/ev_kuro.pma,156,2,3712,0x21C70,02000000ffff0000d00e020000000000,2,65535,134864,0,3792,2,0,0,16,
/Users/acr/venus-braves/cdimage_unpacked/seven_data_link/scrdata/map/ev_kuro/ev_kuro.pma,157,2,1024,0x22AF0,02000000ffff0000901c020000000000,2,65535,138384,0,7312,2,0,0,16,
/Users/acr/venus-braves/cdimage_unpacked/seven_data_link/scrdata/map/ev_kuro/ev_kuro.pma,158,2,160,0x22EF0,02000000ffff0000102b020000000000,2,65535,142096,0,11024,2,0,0,17,
/Users/acr/venus-braves/cdimage_unpacked/seven_data_link/scrdata/map/ev_kuro/ev_kuro.pma,159,2,160,0x22F90,02000000ffff0000102f020000000000,2,65535,143120,0,12048,2,0,0,16,
/Users/acr/venus-braves/cdimage_unpacked/seven_data_link/scrdata/map/ev_kuro/ev_kuro.pma,160,2,160,0x23030,02000000ffff0000b02f020000000000,2,65535,143280,0,12208,2,0,0,16,
/Users/acr/venus-braves/cdimage_unpacked/seven_data_link/scrdata/map/ev_kuro/ev_kuro.pma,161,2,160,0x230D0,02000000ffff00005030020000000000,2,65535,143440,0,12368,2,0,0,16,
/Users/acr/venus-braves/cdimage_unpacked/seven_data_link/scrdata/map/ev_kuro/ev_kuro.pma,162,2,512,0x23170,02000000ffff0000f030020000000000,2,65535,143600,0,12528,2,0,0,16,
/Users/acr/venus-braves/cdimage_unpacked/seven_data_link/scrdata/map/ev_kuro/ev_kuro.pma,163,2,3616,0x23370,02000000ffff00009031020000000000,2,65535,143760,0,12688,2,0,0,16,
/Users/acr/venus-braves/cdimage_unpacked/seven_data_link/scrdata/map/ev_kuro/ev_kuro.pma,164,2,3744,0x24190,02000000ffff00009033020000000000,2,65535,144272,0,13200,2,0,0,16,
/Users/acr/venus-braves/cdimage_unpacked/seven_data_link/scrdata/map/ev_kuro/ev_kuro.pma,165,2,3552,0x25030,02000000ffff0000b041020000000000,2,65535,147888,0,16816,2,0,0,16,
/Users/acr/venus-braves/cdimage_unpacked/seven_data_link/scrdata/map/ev_kuro/ev_kuro.pma,166,2,3584,0x25E10,02000000ffff00005050020000000000,2,65535,151632,0,20560,2,0,0,16,
/Users/acr/venus-braves/cdimage_unpacked/seven_data_link/scrdata/map/ev_kuro/ev_kuro.pma,167,2,1152,0x26C10,02000000ffff0000305e020000000000,2,65535,155184,0,24112,2,0,0,16,
/Users/acr/venus-braves/cdimage_unpacked/seven_data_link/scrdata/map/ev_kuro/ev_kuro.pma,168,2,160,0x27090,02000000ffff0000306c020000000000,2,65535,158768,0,27696,2,0,0,16,
/Users/acr/venus-braves/cdimage_unpacked/seven_data_link/scrdata/map/ev_kuro/ev_kuro.pma,169,2,160,0x27130,02000000ffff0000b070020000000000,2,65535,159920,0,28848,2,0,0,16,
/Users/acr/venus-braves/cdimage_unpacked/seven_data_link/scrdata/map/ev_kuro/ev_kuro.pma,170,2,160,0x271D0,02000000ffff00005071020000000000,2,65535,160080,0,29008,2,0,0,16,
/Users/acr/venus-braves/cdimage_unpacked/seven_data_link/scrdata/map/ev_kuro/ev_kuro.pma,171,2,160,0x27270,02000000ffff0000f071020000000000,2,65535,160240,0,29168,2,0,0,16,
/Users/acr/venus-braves/cdimage_unpacked/seven_data_link/scrdata/map/ev_kuro/ev_kuro.pma,172,2,576,0x27310,02000000ffff00009072020000000000,2,65535,160400,0,29328,2,0,0,16,
/Users/acr/venus-braves/cdimage_unpacked/seven_data_link/scrdata/map/ev_kuro/ev_kuro.pma,173,2,3392,0x27550,02000000ffff00003073020000000000,2,65535,160560,0,29488,2,0,0,16,
/Users/acr/venus-braves/cdimage_unpacked/seven_data_link/scrdata/map/ev_kuro/ev_kuro.pma,174,2,3936,0x28290,02000000ffff00007075020000000000,2,65535,161136,0,30064,2,0,0,17,0xda
/Users/acr/venus-braves/cdimage_unpacked/seven_data_link/scrdata/map/ev_kuro/ev_kuro.pma,175,2,3872,0x291F0,02000000ffff0000b082020000000000,2,65535,164528,0,33456,2,0,0,16,
/Users/acr/venus-braves/cdimage_unpacked/seven_data_link/scrdata/map/ev_kuro/ev_kuro.pma,176,2,2752,0x2A110,02000000ffff00001092020000000000,2,65535,168464,0,37392,2,0,0,16,
/Users/acr/venus-braves/cdimage_unpacked/seven_data_link/scrdata/map/ev_kuro/ev_kuro.pma,177,2,1568,0x2ABD0,02000000ffff000030a1020000000000,2,65535,172336,0,41264,2,0,0,16,
/Users/acr/venus-braves/cdimage_unpacked/seven_data_link/scrdata/map/ev_kuro/ev_kuro.pma,178,2,160,0x2B1F0,02000000ffff0000f0ab020000000000,2,65535,175088,0,44016,2,0,0,16,
/Users/acr/venus-braves/cdimage_unpacked/seven_data_link/scrdata/map/ev_kuro/ev_kuro.pma,179,2,160,0x2B290,02000000ffff000010b2020000000000,2,65535,176656,0,45584,2,0,0,16,
/Users/acr/venus-braves/cdimage_unpacked/seven_data_link/scrdata/map/ev_kuro/ev_kuro.pma,180,2,160,0x2B330,02000000ffff0000b0b2020000000000,2,65535,176816,0,45744,2,0,0,16,
/Users/acr/venus-braves/cdimage_unpacked/seven_data_link/scrdata/map/ev_kuro/ev_kuro.pma,181,2,160,0x2B3D0,02000000ffff000050b3020000000000,2,65535,176976,0,45904,2,0,0,16,
/Users/acr/venus-braves/cdimage_unpacked/seven_data_link/scrdata/map/ev_kuro/ev_kuro.pma,182,2,640,0x2B470,02000000ffff0000f0b3020000000000,2,65535,177136,0,46064,2,0,0,16,
/Users/acr/venus-braves/cdimage_unpacked/seven_data_link/scrdata/map/ev_kuro/ev_kuro.pma,183,2,3136,0x2B6F0,02000000ffff000090b4020000000000,2,65535,177296,0,46224,2,0,0,16,
/Users/acr/venus-braves/cdimage_unpacked/seven_data_link/scrdata/map/ev_kuro/ev_kuro.pma,184,2,3584,0x2C330,02000000ffff000010b7020000000000,2,65535,177936,0,46864,2,0,0,16,
/Users/acr/venus-braves/cdimage_unpacked/seven_data_link/scrdata/map/ev_kuro/ev_kuro.pma,185,2,3584,0x2D130,02000000ffff000050c3020000000000,2,65535,181072,0,50000,2,0,0,16,
/Users/acr/venus-braves/cdimage_unpacked/seven_data_link/scrdata/map/ev_kuro/ev_kuro.pma,186,2,3712,0x2DF30,02000000ffff000050d1020000000000,2,65535,184656,0,53584,2,0,0,16,0xe8
/Users/acr/venus-braves/cdimage_unpacked/seven_data_link/scrdata/map/ev_kuro/ev_kuro.pma,187,2,1760,0x2EDB0,02000000ffff000050df020000000000,2,65535,188240,0,57168,2,0,0,16,
/Users/acr/venus-braves/cdimage_unpacked/seven_data_link/scrdata/map/ev_kuro/ev_kuro.pma,188,2,160,0x2F490,02000000ffff0000d0ed020000000000,2,65535,191952,0,60880,2,0,0,16,
/Users/acr/venus-braves/cdimage_unpacked/seven_data_link/scrdata/map/ev_kuro/ev_kuro.pma,189,2,160,0x2F530,02000000ffff0000b0f4020000000000,2,65535,193712,0,62640,2,0,0,16,
/Users/acr/venus-braves/cdimage_unpacked/seven_data_link/scrdata/map/ev_kuro/ev_kuro.pma,190,2,160,0x2F5D0,02000000ffff000050f5020000000000,2,65535,193872,0,62800,2,0,0,16,
/Users/acr/venus-braves/cdimage_unpacked/seven_data_link/scrdata/map/ev_kuro/ev_kuro.pma,191,2,160,0x2F670,02000000ffff0000f0f5020000000000,2,65535,194032,0,62960,2,0,0,16,
/Users/acr/venus-braves/cdimage_unpacked/seven_data_link/scrdata/map/ev_kuro/ev_kuro.pma,192,2,480,0x2F710,02000000ffff000090f6020000000000,2,65535,194192,0,63120,2,0,0,16,
/Users/acr/venus-braves/cdimage_unpacked/seven_data_link/scrdata/map/ev_kuro/ev_kuro.pma,193,2,3072,0x2F8F0,02000000ffff000030f7020000000000,2,65535,194352,0,63280,2,0,0,16,
/Users/acr/venus-braves/cdimage_unpacked/seven_data_link/scrdata/map/ev_kuro/ev_kuro.pma,194,2,3488,0x304F0,02000000ffff000010f9020000000000,2,65535,194832,0,63760,2,0,0,17,
/Users/acr/venus-braves/cdimage_unpacked/seven_data_link/scrdata/map/ev_kuro/ev_kuro.pma,195,2,3104,0x31290,02000000ffff00001005030000000000,2,65535,197904,0,1296,3,0,0,16,
/Users/acr/venus-braves/cdimage_unpacked/seven_data_link/scrdata/map/ev_kuro/ev_kuro.pma,196,2,3648,0x31EB0,02000000ffff0000b012030000000000,2,65535,201392,0,4784,3,0,0,16,
/Users/acr/venus-braves/cdimage_unpacked/seven_data_link/scrdata/map/ev_kuro/ev_kuro.pma,197,2,1888,0x32CF0,02000000ffff0000d01e030000000000,2,65535,204496,0,7888,3,0,0,16,
/Users/acr/venus-braves/cdimage_unpacked/seven_data_link/scrdata/map/ev_kuro/ev_kuro.pma,198,2,160,0x33450,02000000ffff0000102d030000000000,2,65535,208144,0,11536,3,0,0,16,
/Users/acr/venus-braves/cdimage_unpacked/seven_data_link/scrdata/map/ev_kuro/ev_kuro.pma,199,2,160,0x334F0,02000000ffff00007034030000000000,2,65535,210032,0,13424,3,0,0,16,
/Users/acr/venus-braves/cdimage_unpacked/seven_data_link/scrdata/map/ev_kuro/ev_kuro.pma,200,2,160,0x33590,02000000ffff00001035030000000000,2,65535,210192,0,13584,3,0,0,16,
/Users/acr/venus-braves/cdimage_unpacked/seven_data_link/scrdata/map/ev_kuro/ev_kuro.pma,201,2,160,0x33630,02000000ffff0000b035030000000000,2,65535,210352,0,13744,3,0,0,16,
/Users/acr/venus-braves/cdimage_unpacked/seven_data_link/scrdata/map/ev_kuro/ev_kuro.pma,202,2,576,0x336D0,02000000ffff00005036030000000000,2,65535,210512,0,13904,3,0,0,16,
/Users/acr/venus-braves/cdimage_unpacked/seven_data_link/scrdata/map/ev_kuro/ev_kuro.pma,203,2,3616,0x33910,02000000ffff0000f036030000000000,2,65535,210672,0,14064,3,0,0,17,
/Users/acr/venus-braves/cdimage_unpacked/seven_data_link/scrdata/map/ev_kuro/ev_kuro.pma,204,2,3296,0x34730,02000000ffff00003039030000000000,2,65535,211248,0,14640,3,0,0,16,
/Users/acr/venus-braves/cdimage_unpacked/seven_data_link/scrdata/map/ev_kuro/ev_kuro.pma,205,2,3712,0x35410,02000000ffff00005047030000000000,2,65535,214864,0,18256,3,0,0,16,
/Users/acr/venus-braves/cdimage_unpacked/seven_data_link/scrdata/map/ev_kuro/ev_kuro.pma,206,2,3392,0x36290,02000000ffff00003054030000000000,2,65535,218160,0,21552,3,0,0,16,
/Users/acr/venus-braves/cdimage_unpacked/seven_data_link/scrdata/map/ev_kuro/ev_kuro.pma,207,2,1792,0x36FD0,02000000ffff0000b062030000000000,2,65535,221872,0,25264,3,0,0,16,
/Users/acr/venus-braves/cdimage_unpacked/seven_data_link/scrdata/map/ev_kuro/ev_kuro.pma,208,2,160,0x376D0,02000000ffff0000f06f030000000000,2,65535,225264,0,28656,3,0,0,16,
/Users/acr/venus-braves/cdimage_unpacked/seven_data_link/scrdata/map/ev_kuro/ev_kuro.pma,209,2,160,0x37770,02000000ffff0000f076030000000000,2,65535,227056,0,30448,3,0,0,16,
/Users/acr/venus-braves/cdimage_unpacked/seven_data_link/scrdata/map/ev_kuro/ev_kuro.pma,210,2,160,0x37810,02000000ffff00009077030000000000,2,65535,227216,0,30608,3,0,0,16,
/Users/acr/venus-braves/cdimage_unpacked/seven_data_link/scrdata/map/ev_kuro/ev_kuro.pma,211,2,160,0x378B0,02000000ffff00003078030000000000,2,65535,227376,0,30768,3,0,0,16,
/Users/acr/venus-braves/cdimage_unpacked/seven_data_link/scrdata/map/ev_kuro/ev_kuro.pma,212,2,640,0x37950,02000000ffff0000d078030000000000,2,65535,227536,0,30928,3,0,0,16,
/Users/acr/venus-braves/cdimage_unpacked/seven_data_link/scrdata/map/ev_kuro/ev_kuro.pma,213,2,3712,0x37BD0,02000000ffff00007079030000000000,2,65535,227696,0,31088,3,0,0,16,
/Users/acr/venus-braves/cdimage_unpacked/seven_data_link/scrdata/map/ev_kuro/ev_kuro.pma,214,2,3648,0x38A50,02000000ffff0000f07b030000000000,2,65535,228336,0,31728,3,0,0,16,
/Users/acr/venus-braves/cdimage_unpacked/seven_data_link/scrdata/map/ev_kuro/ev_kuro.pma,215,2,3264,0x39890,02000000ffff0000708a030000000000,2,65535,232048,0,35440,3,0,0,16,
/Users/acr/venus-braves/cdimage_unpacked/seven_data_link/scrdata/map/ev_kuro/ev_kuro.pma,216,2,3328,0x3A550,02000000ffff0000b098030000000000,2,65535,235696,0,39088,3,0,0,17,
/Users/acr/venus-braves/cdimage_unpacked/seven_data_link/scrdata/map/ev_kuro/ev_kuro.pma,217,2,1888,0x3B250,02000000ffff000070a5030000000000,2,65535,238960,0,42352,3,0,0,16,
/Users/acr/venus-braves/cdimage_unpacked/seven_data_link/scrdata/map/ev_kuro/ev_kuro.pma,218,2,160,0x3B9B0,02000000ffff000070b2030000000000,2,65535,242288,0,45680,3,0,0,16,
/Users/acr/venus-braves/cdimage_unpacked/seven_data_link/scrdata/map/ev_kuro/ev_kuro.pma,219,2,160,0x3BA50,02000000ffff0000d0b9030000000000,2,65535,244176,0,47568,3,0,0,16,
/Users/acr/venus-braves/cdimage_unpacked/seven_data_link/scrdata/map/ev_kuro/ev_kuro.pma,220,2,160,0x3BAF0,02000000ffff000070ba030000000000,2,65535,244336,0,47728,3,0,0,16,
/Users/acr/venus-braves/cdimage_unpacked/seven_data_link/scrdata/map/ev_kuro/ev_kuro.pma,221,2,160,0x3BB90,02000000ffff000010bb030000000000,2,65535,244496,0,47888,3,0,0,16,
/Users/acr/venus-braves/cdimage_unpacked/seven_data_link/scrdata/map/ev_kuro/ev_kuro.pma,222,2,832,0x3BC30,02000000ffff0000b0bb030000000000,2,65535,244656,0,48048,3,0,0,16,
/Users/acr/venus-braves/cdimage_unpacked/seven_data_link/scrdata/map/ev_kuro/ev_kuro.pma,223,2,3616,0x3BF70,02000000ffff000050bc030000000000,2,65535,244816,0,48208,3,0,0,16,
/Users/acr/venus-braves/cdimage_unpacked/seven_data_link/scrdata/map/ev_kuro/ev_kuro.pma,224,2,3616,0x3CD90,02000000ffff000090bf030000000000,2,65535,245648,0,49040,3,0,0,16,
/Users/acr/venus-braves/cdimage_unpacked/seven_data_link/scrdata/map/ev_kuro/ev_kuro.pma,225,2,3392,0x3DBB0,02000000ffff0000b0cd030000000000,2,65535,249264,0,52656,3,0,0,16,
/Users/acr/venus-braves/cdimage_unpacked/seven_data_link/scrdata/map/ev_kuro/ev_kuro.pma,226,2,2848,0x3E8F0,02000000ffff0000d0db030000000000,2,65535,252880,0,56272,3,0,0,16,
/Users/acr/venus-braves/cdimage_unpacked/seven_data_link/scrdata/map/ev_kuro/ev_kuro.pma,227,2,1600,0x3F410,02000000ffff000010e9030000000000,2,65535,256272,0,59664,3,0,0,16,
/Users/acr/venus-braves/cdimage_unpacked/seven_data_link/scrdata/map/ev_kuro/ev_kuro.pma,228,2,160,0x3FA50,02000000ffff000030f4030000000000,2,65535,259120,0,62512,3,0,0,16,
/Users/acr/venus-braves/cdimage_unpacked/seven_data_link/scrdata/map/ev_kuro/ev_kuro.pma,229,2,160,0x3FAF0,02000000ffff000070fa030000000000,2,65535,260720,0,64112,3,0,0,16,
/Users/acr/venus-braves/cdimage_unpacked/seven_data_link/scrdata/map/ev_kuro/ev_kuro.pma,230,2,160,0x3FB90,02000000ffff000010fb030000000000,2,65535,260880,0,64272,3,0,0,16,
/Users/acr/venus-braves/cdimage_unpacked/seven_data_link/scrdata/map/ev_kuro/ev_kuro.pma,231,2,160,0x3FC30,02000000ffff0000b0fb030000000000,2,65535,261040,0,64432,3,0,0,16,
/Users/acr/venus-braves/cdimage_unpacked/seven_data_link/scrdata/map/ev_kuro/ev_kuro.pma,232,2,1472,0x3FCD0,02000000ffff000050fc030000000000,2,65535,261200,0,64592,3,0,0,16,
/Users/acr/venus-braves/cdimage_unpacked/seven_data_link/scrdata/map/ev_kuro/ev_kuro.pma,233,2,3552,0x40290,02000000ffff0000f0fc030000000000,2,65535,261360,0,64752,3,0,0,16,
/Users/acr/venus-braves/cdimage_unpacked/seven_data_link/scrdata/map/ev_kuro/ev_kuro.pma,234,2,3424,0x41070,02000000ffff0000b002040000000000,2,65535,262832,0,688,4,0,0,16,
/Users/acr/venus-braves/cdimage_unpacked/seven_data_link/scrdata/map/ev_kuro/ev_kuro.pma,235,2,3296,0x41DD0,02000000ffff00009010040000000000,2,65535,266384,0,4240,4,0,0,16,
/Users/acr/venus-braves/cdimage_unpacked/seven_data_link/scrdata/map/ev_kuro/ev_kuro.pma,236,2,3712,0x42AB0,02000000ffff0000f01d040000000000,2,65535,269808,0,7664,4,0,0,16,
/Users/acr/venus-braves/cdimage_unpacked/seven_data_link/scrdata/map/ev_kuro/ev_kuro.pma,237,2,1760,0x43930,02000000ffff0000d02a040000000000,2,65535,273104,0,10960,4,0,0,17,
/Users/acr/venus-braves/cdimage_unpacked/seven_data_link/scrdata/map/ev_kuro/ev_kuro.pma,238,2,160,0x44010,02000000ffff00005039040000000000,2,65535,276816,0,14672,4,0,0,16,
/Users/acr/venus-braves/cdimage_unpacked/seven_data_link/scrdata/map/ev_kuro/ev_kuro.pma,239,2,160,0x440B0,02000000ffff00003040040000000000,2,65535,278576,0,16432,4,0,0,16,
/Users/acr/venus-braves/cdimage_unpacked/seven_data_link/scrdata/map/ev_kuro/ev_kuro.pma,240,2,160,0x44150,02000000ffff0000d040040000000000,2,65535,278736,0,16592,4,0,0,16,
/Users/acr/venus-braves/cdimage_unpacked/seven_data_link/scrdata/map/ev_kuro/ev_kuro.pma,241,2,160,0x441F0,02000000ffff00007041040000000000,2,65535,278896,0,16752,4,0,0,16,
/Users/acr/venus-braves/cdimage_unpacked/seven_data_link/scrdata/map/ev_kuro/ev_kuro.pma,242,2,1856,0x44290,02000000ffff00001042040000000000,2,65535,279056,0,16912,4,0,0,16,
/Users/acr/venus-braves/cdimage_unpacked/seven_data_link/scrdata/map/ev_kuro/ev_kuro.pma,243,2,3360,0x449D0,02000000ffff0000b042040000000000,2,65535,279216,0,17072,4,0,0,16,
/Users/acr/venus-braves/cdimage_unpacked/seven_data_link/scrdata/map/ev_kuro/ev_kuro.pma,244,2,3392,0x456F0,02000000ffff0000f049040000000000,2,65535,281072,0,18928,4,0,0,16,
/Users/acr/venus-braves/cdimage_unpacked/seven_data_link/scrdata/map/ev_kuro/ev_kuro.pma,245,2,3104,0x46430,02000000ffff00001057040000000000,2,65535,284432,0,22288,4,0,0,16,
/Users/acr/venus-braves/cdimage_unpacked/seven_data_link/scrdata/map/ev_kuro/ev_kuro.pma,246,2,3392,0x47050,02000000ffff00005064040000000000,2,65535,287824,0,25680,4,0,0,16,
/Users/acr/venus-braves/cdimage_unpacked/seven_data_link/scrdata/map/ev_kuro/ev_kuro.pma,247,2,2080,0x47D90,02000000ffff00007070040000000000,2,65535,290928,0,28784,4,0,0,17,
/Users/acr/venus-braves/cdimage_unpacked/seven_data_link/scrdata/map/ev_kuro/ev_kuro.pma,248,2,160,0x485B0,02000000ffff0000b07d040000000000,2,65535,294320,0,32176,4,0,0,16,
/Users/acr/venus-braves/cdimage_unpacked/seven_data_link/scrdata/map/ev_kuro/ev_kuro.pma,249,2,160,0x48650,02000000ffff0000d085040000000000,2,65535,296400,0,34256,4,0,0,16,
/Users/acr/venus-braves/cdimage_unpacked/seven_data_link/scrdata/map/ev_kuro/ev_kuro.pma,250,2,160,0x486F0,02000000ffff00007086040000000000,2,65535,296560,0,34416,4,0,0,16,
/Users/acr/venus-braves/cdimage_unpacked/seven_data_link/scrdata/map/ev_kuro/ev_kuro.pma,251,2,160,0x48790,02000000ffff00001087040000000000,2,65535,296720,0,34576,4,0,0,16,
/Users/acr/venus-braves/cdimage_unpacked/seven_data_link/scrdata/map/ev_kuro/ev_kuro.pma,252,2,1536,0x48830,02000000ffff0000b087040000000000,2,65535,296880,0,34736,4,0,0,16,
/Users/acr/venus-braves/cdimage_unpacked/seven_data_link/scrdata/map/ev_kuro/ev_kuro.pma,253,2,3552,0x48E30,02000000ffff00005088040000000000,2,65535,297040,0,34896,4,0,0,16,
/Users/acr/venus-braves/cdimage_unpacked/seven_data_link/scrdata/map/ev_kuro/ev_kuro.pma,254,2,3008,0x49C10,02000000ffff0000508e040000000000,2,65535,298576,0,36432,4,0,0,16,
/Users/acr/venus-braves/cdimage_unpacked/seven_data_link/scrdata/map/ev_kuro/ev_kuro.pma,255,2,3136,0x4A7D0,02000000ffff0000309c040000000000,2,65535,302128,0,39984,4,0,0,17,
/Users/acr/venus-braves/cdimage_unpacked/seven_data_link/scrdata/map/ev_kuro/ev_kuro.pma,256,2,3328,0x4B410,02000000ffff0000f0a7040000000000,2,65535,305136,0,42992,4,0,0,17,
/Users/acr/venus-braves/cdimage_unpacked/seven_data_link/scrdata/map/ev_kuro/ev_kuro.pma,257,2,2176,0x4C110,02000000ffff000030b4040000000000,2,65535,308272,0,46128,4,0,0,16,
/Users/acr/venus-braves/cdimage_unpacked/seven_data_link/scrdata/map/ev_kuro/ev_kuro.pma,258,2,160,0x4C990,02000000ffff000030c1040000000000,2,65535,311600,0,49456,4,0,0,16,
/Users/acr/venus-braves/cdimage_unpacked/seven_data_link/scrdata/map/ev_kuro/ev_kuro.pma,259,2,160,0x4CA30,02000000ffff0000b0c9040000000000,2,65535,313776,0,51632,4,0,0,16,
/Users/acr/venus-braves/cdimage_unpacked/seven_data_link/scrdata/map/ev_kuro/ev_kuro.pma,260,2,160,0x4CAD0,02000000ffff000050ca040000000000,2,65535,313936,0,51792,4,0,0,16,
/Users/acr/venus-braves/cdimage_unpacked/seven_data_link/scrdata/map/ev_kuro/ev_kuro.pma,261,2,160,0x4CB70,02000000ffff0000f0ca040000000000,2,65535,314096,0,51952,4,0,0,16,
/Users/acr/venus-braves/cdimage_unpacked/seven_data_link/scrdata/map/ev_kuro/ev_kuro.pma,262,2,1184,0x4CC10,02000000ffff000090cb040000000000,2,65535,314256,0,52112,4,0,0,16,
/Users/acr/venus-braves/cdimage_unpacked/seven_data_link/scrdata/map/ev_kuro/ev_kuro.pma,263,2,3520,0x4D0B0,02000000ffff000030cc040000000000,2,65535,314416,0,52272,4,0,0,16,
/Users/acr/venus-braves/cdimage_unpacked/seven_data_link/scrdata/map/ev_kuro/ev_kuro.pma,264,2,3424,0x4DE70,02000000ffff0000d0d0040000000000,2,65535,315600,0,53456,4,0,0,16,
/Users/acr/venus-braves/cdimage_unpacked/seven_data_link/scrdata/map/ev_kuro/ev_kuro.pma,265,2,3232,0x4EBD0,02000000ffff000090de040000000000,2,65535,319120,0,56976,4,0,0,16,
/Users/acr/venus-braves/cdimage_unpacked/seven_data_link/scrdata/map/ev_kuro/ev_kuro.pma,266,2,3136,0x4F870,02000000ffff0000f0eb040000000000,2,65535,322544,0,60400,4,0,0,16,
/Users/acr/venus-braves/cdimage_unpacked/seven_data_link/scrdata/map/ev_kuro/ev_kuro.pma,267,2,1664,0x504B0,02000000ffff000090f8040000000000,2,65535,325776,0,63632,4,0,0,16,
/Users/acr/venus-braves/cdimage_unpacked/seven_data_link/scrdata/map/ev_kuro/ev_kuro.pma,268,2,160,0x50B30,02000000ffff0000d004050000000000,2,65535,328912,0,1232,5,0,0,17,
/Users/acr/venus-braves/cdimage_unpacked/seven_data_link/scrdata/map/ev_kuro/ev_kuro.pma,269,2,160,0x50BD0,02000000ffff0000500b050000000000,2,65535,330576,0,2896,5,0,0,16,
/Users/acr/venus-braves/cdimage_unpacked/seven_data_link/scrdata/map/ev_kuro/ev_kuro.pma,270,2,160,0x50C70,02000000ffff0000f00b050000000000,2,65535,330736,0,3056,5,0,0,16,
/Users/acr/venus-braves/cdimage_unpacked/seven_data_link/scrdata/map/ev_kuro/ev_kuro.pma,271,2,160,0x50D10,02000000ffff0000900c050000000000,2,65535,330896,0,3216,5,0,0,16,
/Users/acr/venus-braves/cdimage_unpacked/seven_data_link/scrdata/map/ev_kuro/ev_kuro.pma,272,2,1024,0x50DB0,02000000ffff0000300d050000000000,2,65535,331056,0,3376,5,0,0,16,
/Users/acr/venus-braves/cdimage_unpacked/seven_data_link/scrdata/map/ev_kuro/ev_kuro.pma,273,2,3296,0x511B0,02000000ffff0000d00d050000000000,2,65535,331216,0,3536,5,0,0,16,
/Users/acr/venus-braves/cdimage_unpacked/seven_data_link/scrdata/map/ev_kuro/ev_kuro.pma,274,2,3552,0x51E90,02000000ffff0000d011050000000000,2,65535,332240,0,4560,5,0,0,16,
/Users/acr/venus-braves/cdimage_unpacked/seven_data_link/scrdata/map/ev_kuro/ev_kuro.pma,275,2,2720,0x52C70,02000000ffff0000b01e050000000000,2,65535,335536,0,7856,5,0,0,16,
/Users/acr/venus-braves/cdimage_unpacked/seven_data_link/scrdata/map/ev_kuro/ev_kuro.pma,276,2,3328,0x53710,02000000ffff0000902c050000000000,2,65535,339088,0,11408,5,0,0,16,
/Users/acr/venus-braves/cdimage_unpacked/seven_data_link/scrdata/map/ev_kuro/ev_kuro.pma,277,2,1888,0x54410,02000000ffff00003037050000000000,2,65535,341808,0,14128,5,0,0,16,
/Users/acr/venus-braves/cdimage_unpacked/seven_data_link/scrdata/map/ev_kuro/ev_kuro.pma,278,2,160,0x54B70,02000000ffff00003044050000000000,2,65535,345136,0,17456,5,0,0,16,
/Users/acr/venus-braves/cdimage_unpacked/seven_data_link/scrdata/map/ev_kuro/ev_kuro.pma,279,2,160,0x54C10,02000000ffff0000904b050000000000,2,65535,347024,0,19344,5,0,0,16,
/Users/acr/venus-braves/cdimage_unpacked/seven_data_link/scrdata/map/ev_kuro/ev_kuro.pma,280,2,160,0x54CB0,02000000ffff0000304c050000000000,2,65535,347184,0,19504,5,0,0,16,
/Users/acr/venus-braves/cdimage_unpacked/seven_data_link/scrdata/map/ev_kuro/ev_kuro.pma,281,2,192,0x54D50,02000000ffff0000d04c050000000000,2,65535,347344,0,19664,5,0,0,16,
/Users/acr/venus-braves/cdimage_unpacked/seven_data_link/scrdata/map/ev_kuro/ev_kuro.pma,282,2,1024,0x54E10,02000000ffff0000704d050000000000,2,65535,347504,0,19824,5,0,0,16,
/Users/acr/venus-braves/cdimage_unpacked/seven_data_link/scrdata/map/ev_kuro/ev_kuro.pma,283,2,2784,0x55210,02000000ffff0000304e050000000000,2,65535,347696,0,20016,5,0,0,16,
/Users/acr/venus-braves/cdimage_unpacked/seven_data_link/scrdata/map/ev_kuro/ev_kuro.pma,284,2,3008,0x55CF0,02000000ffff00003052050000000000,2,65535,348720,0,21040,5,0,0,16,
/Users/acr/venus-braves/cdimage_unpacked/seven_data_link/scrdata/map/ev_kuro/ev_kuro.pma,285,2,2528,0x568B0,02000000ffff0000105d050000000000,2,65535,351504,0,23824,5,0,0,16,
/Users/acr/venus-braves/cdimage_unpacked/seven_data_link/scrdata/map/ev_kuro/ev_kuro.pma,286,2,3872,0x57290,02000000ffff0000d068050000000000,2,65535,354512,0,26832,5,0,0,16,
/Users/acr/venus-braves/cdimage_unpacked/seven_data_link/scrdata/map/ev_kuro/ev_kuro.pma,287,2,1312,0x581B0,02000000ffff0000b072050000000000,2,65535,357040,0,29360,5,0,0,16,
/Users/acr/venus-braves/cdimage_unpacked/seven_data_link/scrdata/map/ev_kuro/ev_kuro.pma,288,2,160,0x586D0,02000000ffff0000d081050000000000,2,65535,360912,0,33232,5,0,0,16,
/Users/acr/venus-braves/cdimage_unpacked/seven_data_link/scrdata/map/ev_kuro/ev_kuro.pma,289,2,160,0x58770,02000000ffff0000f086050000000000,2,65535,362224,0,34544,5,0,0,16,
/Users/acr/venus-braves/cdimage_unpacked/seven_data_link/scrdata/map/ev_kuro/ev_kuro.pma,290,2,256,0x58810,02000000ffff00009087050000000000,2,65535,362384,0,34704,5,0,0,16,
/Users/acr/venus-braves/cdimage_unpacked/seven_data_link/scrdata/map/ev_kuro/ev_kuro.pma,291,2,256,0x58910,02000000ffff00003088050000000000,2,65535,362544,0,34864,5,0,0,16,
/Users/acr/venus-braves/cdimage_unpacked/seven_data_link/scrdata/map/ev_kuro/ev_kuro.pma,292,2,2048,0x58A10,02000000ffff00003089050000000000,2,65535,362800,0,35120,5,0,0,16,
/Users/acr/venus-braves/cdimage_unpacked/seven_data_link/scrdata/map/ev_kuro/ev_kuro.pma,293,2,2688,0x59210,02000000ffff0000308a050000000000,2,65535,363056,0,35376,5,0,0,16,
/Users/acr/venus-braves/cdimage_unpacked/seven_data_link/scrdata/map/ev_kuro/ev_kuro.pma,294,2,2304,0x59C90,02000000ffff00003092050000000000,2,65535,365104,0,37424,5,0,0,16,
/Users/acr/venus-braves/cdimage_unpacked/seven_data_link/scrdata/map/ev_kuro/ev_kuro.pma,295,2,2240,0x5A590,02000000ffff0000b09c050000000000,2,65535,367792,0,40112,5,0,0,16,
/Users/acr/venus-braves/cdimage_unpacked/seven_data_link/scrdata/map/ev_kuro/ev_kuro.pma,296,2,2912,0x5AE50,02000000ffff0000b0a5050000000000,2,65535,370096,0,42416,5,0,0,17,
/Users/acr/venus-braves/cdimage_unpacked/seven_data_link/scrdata/map/ev_kuro/ev_kuro.pma,297,2,1504,0x5B9B0,02000000ffff000070ae050000000000,2,65535,372336,0,44656,5,0,0,16,
/Users/acr/venus-braves/cdimage_unpacked/seven_data_link/scrdata/map/ev_kuro/ev_kuro.pma,298,2,192,0x5BF90,02000000ffff0000d0b9050000000000,2,65535,375248,0,47568,5,0,0,16,
/Users/acr/venus-braves/cdimage_unpacked/seven_data_link/scrdata/map/ev_kuro/ev_kuro.pma,299,2,224,0x5C050,02000000ffff0000b0bf050000000000,2,65535,376752,0,49072,5,0,0,17,
/Users/acr/venus-braves/cdimage_unpacked/seven_data_link/scrdata/map/ev_kuro/ev_kuro.pma,300,2,608,0x5C130,02000000ffff000070c0050000000000,2,65535,376944,0,49264,5,0,0,16,
/Users/acr/venus-braves/cdimage_unpacked/seven_data_link/scrdata/map/ev_kuro/ev_kuro.pma,301,2,864,0x5C390,02000000ffff000050c1050000000000,2,65535,377168,0,49488,5,0,0,16,
/Users/acr/venus-braves/cdimage_unpacked/seven_data_link/scrdata/map/ev_kuro/ev_kuro.pma,302,2,3552,0x5C6F0,02000000ffff0000b0c3050000000000,2,65535,377776,0,50096,5,0,0,16,
/Users/acr/venus-braves/cdimage_unpacked/seven_data_link/scrdata/map/ev_kuro/ev_kuro.pma,303,2,3008,0x5D4D0,02000000ffff000010c7050000000000,2,65535,378640,0,50960,5,0,0,16,
/Users/acr/venus-braves/cdimage_unpacked/seven_data_link/scrdata/map/ev_kuro/ev_kuro.pma,304,2,1344,0x5E090,02000000ffff0000f0d4050000000000,2,65535,382192,0,54512,5,0,0,16,
/Users/acr/venus-braves/cdimage_unpacked/seven_data_link/scrdata/map/ev_kuro/ev_kuro.pma,305,2,1312,0x5E5D0,02000000ffff0000b0e0050000000000,2,65535,385200,0,57520,5,0,0,16,
/Users/acr/venus-braves/cdimage_unpacked/seven_data_link/scrdata/map/ev_kuro/ev_kuro.pma,306,2,3104,0x5EAF0,02000000ffff0000f0e5050000000000,2,65535,386544,0,58864,5,0,0,16,
/Users/acr/venus-braves/cdimage_unpacked/seven_data_link/scrdata/map/ev_kuro/ev_kuro.pma,307,2,2016,0x5F710,02000000ffff000010eb050000000000,2,65535,387856,0,60176,5,0,0,16,0xf1
/Users/acr/venus-braves/cdimage_unpacked/seven_data_link/scrdata/map/ev_kuro/ev_kuro.pma,308,2,416,0x5FEF0,02000000ffff000030f7050000000000,2,65535,390960,0,63280,5,0,0,16,
/Users/acr/venus-braves/cdimage_unpacked/seven_data_link/scrdata/map/ev_kuro/ev_kuro.pma,309,2,736,0x60090,02000000ffff000010ff050000000000,2,65535,392976,0,65296,5,0,0,16,
/Users/acr/venus-braves/cdimage_unpacked/seven_data_link/scrdata/map/ev_kuro/ev_kuro.pma,310,2,1824,0x60370,02000000ffff0000b000060000000000,2,65535,393392,0,176,6,0,0,16,
/Users/acr/venus-braves/cdimage_unpacked/seven_data_link/scrdata/map/ev_kuro/ev_kuro.pma,311,2,2432,0x60A90,02000000ffff00009003060000000000,2,65535,394128,0,912,6,0,0,16,
/Users/acr/venus-braves/cdimage_unpacked/seven_data_link/scrdata/map/ev_kuro/ev_kuro.pma,312,2,3520,0x61410,02000000ffff0000b00a060000000000,2,65535,395952,0,2736,6,0,0,16,
/Users/acr/venus-braves/cdimage_unpacked/seven_data_link/scrdata/map/ev_kuro/ev_kuro.pma,313,2,2464,0x621D0,02000000ffff00003014060000000000,2,65535,398384,0,5168,6,0,0,17,
/Users/acr/venus-braves/cdimage_unpacked/seven_data_link/scrdata/map/ev_kuro/ev_kuro.pma,314,2,1632,0x62B70,02000000ffff0000f021060000000000,2,65535,401904,0,8688,6,0,0,16,
/Users/acr/venus-braves/cdimage_unpacked/seven_data_link/scrdata/map/ev_kuro/ev_kuro.pma,315,2,1760,0x631D0,02000000ffff0000902b060000000000,2,65535,404368,0,11152,6,0,0,16,
/Users/acr/venus-braves/cdimage_unpacked/seven_data_link/scrdata/map/ev_kuro/ev_kuro.pma,316,2,3136,0x638B0,02000000ffff0000f031060000000000,2,65535,406000,0,12784,6,0,0,16,
/Users/acr/venus-braves/cdimage_unpacked/seven_data_link/scrdata/map/ev_kuro/ev_kuro.pma,317,2,3456,0x644F0,02000000ffff0000d038060000000000,2,65535,407760,0,14544,6,0,0,16,
/Users/acr/venus-braves/cdimage_unpacked/seven_data_link/scrdata/map/ev_kuro/ev_kuro.pma,318,2,1248,0x65270,02000000ffff00001045060000000000,2,65535,410896,0,17680,6,0,0,16,
/Users/acr/venus-braves/cdimage_unpacked/seven_data_link/scrdata/map/ev_kuro/ev_kuro.pma,319,2,2272,0x65750,02000000ffff00009052060000000000,2,65535,414352,0,21136,6,0,0,16,
/Users/acr/venus-braves/cdimage_unpacked/seven_data_link/scrdata/map/ev_kuro/ev_kuro.pma,320,2,2240,0x66030,02000000ffff00007057060000000000,2,65535,415600,0,22384,6,0,0,16,
/Users/acr/venus-braves/cdimage_unpacked/seven_data_link/scrdata/map/ev_kuro/ev_kuro.pma,321,2,2496,0x668F0,02000000ffff00005060060000000000,2,65535,417872,0,24656,6,0,0,16,
/Users/acr/venus-braves/cdimage_unpacked/seven_data_link/scrdata/map/ev_kuro/ev_kuro.pma,322,2,4064,0x672B0,02000000ffff00001069060000000000,2,65535,420112,0,26896,6,0,0,16,
/Users/acr/venus-braves/cdimage_unpacked/seven_data_link/scrdata/map/ev_kuro/ev_kuro.pma,323,2,2272,0x68290,02000000ffff0000d072060000000000,2,65535,422608,0,29392,6,0,0,16,
/Users/acr/venus-braves/cdimage_unpacked/seven_data_link/scrdata/map/ev_kuro/ev_kuro.pma,324,2,1440,0x68B70,02000000ffff0000b082060000000000,2,65535,426672,0,33456,6,0,0,16,
/Users/acr/venus-braves/cdimage_unpacked/seven_data_link/scrdata/map/ev_kuro/ev_kuro.pma,325,2,2432,0x69110,02000000ffff0000908b060000000000,2,65535,428944,0,35728,6,0,0,16,
/Users/acr/venus-braves/cdimage_unpacked/seven_data_link/scrdata/map/ev_kuro/ev_kuro.pma,326,2,2688,0x69A90,02000000ffff00003091060000000000,2,65535,430384,0,37168,6,0,0,16,
/Users/acr/venus-braves/cdimage_unpacked/seven_data_link/scrdata/map/ev_kuro/ev_kuro.pma,327,2,3776,0x6A510,02000000ffff0000b09a060000000000,2,65535,432816,0,39600,6,0,0,16,
/Users/acr/venus-braves/cdimage_unpacked/seven_data_link/scrdata/map/ev_kuro/ev_kuro.pma,328,2,1856,0x6B3D0,02000000ffff000030a5060000000000,2,65535,435504,0,42288,6,0,0,16,
/Users/acr/venus-braves/cdimage_unpacked/seven_data_link/scrdata/map/ev_kuro/ev_kuro.pma,329,2,1056,0x6BB10,02000000ffff0000f0b3060000000000,2,65535,439280,0,46064,6,0,0,16,
/Users/acr/venus-braves/cdimage_unpacked/seven_data_link/scrdata/map/ev_kuro/ev_kuro.pma,330,2,1952,0x6BF30,02000000ffff000030bb060000000000,2,65535,441136,0,47920,6,0,0,16,
/Users/acr/venus-braves/cdimage_unpacked/seven_data_link/scrdata/map/ev_kuro/ev_kuro.pma,331,2,1984,0x6C6D0,02000000ffff000050bf060000000000,2,65535,442192,0,48976,6,0,0,16,
/Users/acr/venus-braves/cdimage_unpacked/seven_data_link/scrdata/map/ev_kuro/ev_kuro.pma,332,2,3232,0x6CE90,02000000ffff0000f0c6060000000000,2,65535,444144,0,50928,6,0,0,16,
/Users/acr/venus-braves/cdimage_unpacked/seven_data_link/scrdata/map/ev_kuro/ev_kuro.pma,333,2,2784,0x6DB30,02000000ffff0000b0ce060000000000,2,65535,446128,0,52912,6,0,0,16,
/Users/acr/venus-braves/cdimage_unpacked/seven_data_link/scrdata/map/ev_kuro/ev_kuro.pma,334,2,1792,0x6E610,02000000ffff000050db060000000000,2,65535,449360,0,56144,6,0,0,16,
/Users/acr/venus-braves/cdimage_unpacked/seven_data_link/scrdata/map/ev_kuro/ev_kuro.pma,335,2,2368,0x6ED10,02000000ffff000030e6060000000000,2,65535,452144,0,58928,6,0,0,16,
/Users/acr/venus-braves/cdimage_unpacked/seven_data_link/scrdata/map/ev_kuro/ev_kuro.pma,336,2,2688,0x6F650,02000000ffff000030ed060000000000,2,65535,453936,0,60720,6,0,0,16,
/Users/acr/venus-braves/cdimage_unpacked/seven_data_link/scrdata/map/ev_kuro/ev_kuro.pma,337,2,3520,0x700D0,02000000ffff000070f6060000000000,2,65535,456304,0,63088,6,0,0,16,
/Users/acr/venus-braves/cdimage_unpacked/seven_data_link/scrdata/map/ev_kuro/ev_kuro.pma,338,2,2336,0x70E90,02000000ffff0000f000070000000000,2,65535,458992,0,240,7,0,0,16,
/Users/acr/venus-braves/cdimage_unpacked/seven_data_link/scrdata/map/ev_kuro/ev_kuro.pma,339,2,960,0x717B0,02000000ffff0000b00e070000000000,2,65535,462512,0,3760,7,0,0,16,
/Users/acr/venus-braves/cdimage_unpacked/seven_data_link/scrdata/map/ev_kuro/ev_kuro.pma,340,2,1984,0x71B70,02000000ffff0000d017070000000000,2,65535,464848,0,6096,7,0,0,16,
/Users/acr/venus-braves/cdimage_unpacked/seven_data_link/scrdata/map/ev_kuro/ev_kuro.pma,341,2,2432,0x72330,02000000ffff0000901b070000000000,2,65535,465808,0,7056,7,0,0,16,
/Users/acr/venus-braves/cdimage_unpacked/seven_data_link/scrdata/map/ev_kuro/ev_kuro.pma,342,2,3200,0x72CB0,02000000ffff00005023070000000000,2,65535,467792,0,9040,7,0,0,17,
/Users/acr/venus-braves/cdimage_unpacked/seven_data_link/scrdata/map/ev_kuro/ev_kuro.pma,343,2,2848,0x73930,02000000ffff0000d02c070000000000,2,65535,470224,0,11472,7,0,0,17,
/Users/acr/venus-braves/cdimage_unpacked/seven_data_link/scrdata/map/ev_kuro/ev_kuro.pma,344,2,1888,0x74450,02000000ffff00005039070000000000,2,65535,473424,0,14672,7,0,0,16,
/Users/acr/venus-braves/cdimage_unpacked/seven_data_link/scrdata/map/ev_kuro/ev_kuro.pma,345,2,832,0x74BB0,02000000ffff00007044070000000000,2,65535,476272,0,17520,7,0,0,16,
/Users/acr/venus-braves/cdimage_unpacked/seven_data_link/scrdata/map/ev_kuro/ev_kuro.pma,346,2,1664,0x74EF0,02000000ffff0000d04b070000000000,2,65535,478160,0,19408,7,0,0,16,
/Users/acr/venus-braves/cdimage_unpacked/seven_data_link/scrdata/map/ev_kuro/ev_kuro.pma,347,2,3040,0x75570,02000000ffff0000104f070000000000,2,65535,478992,0,20240,7,0,0,16,
/Users/acr/venus-braves/cdimage_unpacked/seven_data_link/scrdata/map/ev_kuro/ev_kuro.pma,348,2,1664,0x76150,02000000ffff00009055070000000000,2,65535,480656,0,21904,7,0,0,16,
/Users/acr/venus-braves/cdimage_unpacked/seven_data_link/scrdata/map/ev_kuro/ev_kuro.pma,349,2,1888,0x767D0,02000000ffff00007061070000000000,2,65535,483696,0,24944,7,0,0,16,
/Users/acr/venus-braves/cdimage_unpacked/seven_data_link/scrdata/map/ev_kuro/ev_kuro.pma,350,2,1728,0x76F30,02000000ffff0000f067070000000000,2,65535,485360,0,26608,7,0,0,16,
/Users/acr/venus-braves/cdimage_unpacked/seven_data_link/scrdata/map/ev_kuro/ev_kuro.pma,351,2,2080,0x775F0,02000000ffff0000506f070000000000,2,65535,487248,0,28496,7,0,0,16,0x24
/Users/acr/venus-braves/cdimage_unpacked/seven_data_link/scrdata/map/ev_kuro/ev_kuro.pma,352,2,2560,0x77E10,02000000ffff00001076070000000000,2,65535,488976,0,30224,7,0,0,16,
/Users/acr/venus-braves/cdimage_unpacked/seven_data_link/scrdata/map/ev_kuro/ev_kuro.pma,353,2,1280,0x78810,02000000ffff0000307e070000000000,2,65535,491056,0,32304,7,0,0,16,
/Users/acr/venus-braves/cdimage_unpacked/seven_data_link/scrdata/map/ev_kuro/ev_kuro.pma,354,2,800,0x78D10,02000000ffff00003088070000000000,2,65535,493616,0,34864,7,0,0,16,
/Users/acr/venus-braves/cdimage_unpacked/seven_data_link/scrdata/map/ev_kuro/ev_kuro.pma,355,2,960,0x79030,02000000ffff0000308d070000000000,2,65535,494896,0,36144,7,0,0,16,
/Users/acr/venus-braves/cdimage_unpacked/seven_data_link/scrdata/map/ev_kuro/ev_kuro.pma,356,2,2144,0x793F0,02000000ffff00005090070000000000,2,65535,495696,0,36944,7,0,0,16,
/Users/acr/venus-braves/cdimage_unpacked/seven_data_link/scrdata/map/ev_kuro/ev_kuro.pma,357,2,2912,0x79C50,02000000ffff00001094070000000000,2,65535,496656,0,37904,7,0,0,16,
/Users/acr/venus-braves/cdimage_unpacked/seven_data_link/scrdata/map/ev_kuro/ev_kuro.pma,358,2,1632,0x7A7B0,02000000ffff0000709c070000000000,2,65535,498800,0,40048,7,0,0,16,
/Users/acr/venus-braves/cdimage_unpacked/seven_data_link/scrdata/map/ev_kuro/ev_kuro.pma,359,2,2208,0x7AE10,02000000ffff0000d0a7070000000000,2,65535,501712,0,42960,7,0,0,16,
/Users/acr/venus-braves/cdimage_unpacked/seven_data_link/scrdata/map/ev_kuro/ev_kuro.pma,360,2,1632,0x7B6B0,02000000ffff000030ae070000000000,2,65535,503344,0,44592,7,0,0,16,
/Users/acr/venus-braves/cdimage_unpacked/seven_data_link/scrdata/map/ev_kuro/ev_kuro.pma,361,2,1760,0x7BD10,02000000ffff0000d0b6070000000000,2,65535,505552,0,46800,7,0,0,16,
/Users/acr/venus-braves/cdimage_unpacked/seven_data_link/scrdata/map/ev_kuro/ev_kuro.pma,362,2,1728,0x7C3F0,02000000ffff000030bd070000000000,2,65535,507184,0,48432,7,0,0,16,
/Users/acr/venus-braves/cdimage_unpacked/seven_data_link/scrdata/map/ev_kuro/ev_kuro.pma,363,2,1920,0x7CAB0,02000000ffff000010c4070000000000,2,65535,508944,0,50192,7,0,0,16,
/Users/acr/venus-braves/cdimage_unpacked/seven_data_link/scrdata/map/ev_kuro/ev_kuro.pma,364,2,2368,0x7D230,02000000ffff0000d0ca070000000000,2,65535,510672,0,51920,7,0,0,16,
/Users/acr/venus-braves/cdimage_unpacked/seven_data_link/scrdata/map/ev_kuro/ev_kuro.pma,365,2,2272,0x7DB70,02000000ffff000050d2070000000000,2,65535,512592,0,53840,7,0,0,16,
/Users/acr/venus-braves/cdimage_unpacked/seven_data_link/scrdata/map/ev_kuro/ev_kuro.pma,366,2,2272,0x7E450,02000000ffff000090db070000000000,2,65535,514960,0,56208,7,0,0,16,
/Users/acr/venus-braves/cdimage_unpacked/seven_data_link/scrdata/map/ev_kuro/ev_kuro.pma,367,2,2560,0x7ED30,02000000ffff000070e4070000000000,2,65535,517232,0,58480,7,0,0,16,
/Users/acr/venus-braves/cdimage_unpacked/seven_data_link/scrdata/map/ev_kuro/ev_kuro.pma,368,2,2176,0x7F730,02000000ffff000050ed070000000000,2,65535,519504,0,60752,7,0,0,16,
/Users/acr/venus-braves/cdimage_unpacked/seven_data_link/scrdata/map/ev_kuro/ev_kuro.pma,369,2,1408,0x7FFB0,02000000ffff000050f7070000000000,2,65535,522064,0,63312,7,0,0,16,
/Users/acr/venus-braves/cdimage_unpacked/seven_data_link/scrdata/map/ev_kuro/ev_kuro.pma,370,2,832,0x80530,02000000ffff0000d0ff070000000000,2,65535,524240,0,65488,7,0,0,16,
/Users/acr/venus-braves/cdimage_unpacked/seven_data_link/scrdata/map/ev_kuro/ev_kuro.pma,371,2,1824,0x80870,02000000ffff00005005080000000000,2,65535,525648,0,1360,8,0,0,16,
/Users/acr/venus-braves/cdimage_unpacked/seven_data_link/scrdata/map/ev_kuro/ev_kuro.pma,372,2,1056,0x80F90,02000000ffff00009008080000000000,2,65535,526480,0,2192,8,0,0,16,
/Users/acr/venus-braves/cdimage_unpacked/seven_data_link/scrdata/map/ev_kuro/ev_kuro.pma,373,2,896,0x813B0,02000000ffff0000b00f080000000000,2,65535,528304,0,4016,8,0,0,16,
/Users/acr/venus-braves/cdimage_unpacked/seven_data_link/scrdata/map/ev_kuro/ev_kuro.pma,374,2,160,0x81730,02000000ffff0000d013080000000000,2,65535,529360,0,5072,8,0,0,16,
/Users/acr/venus-braves/cdimage_unpacked/seven_data_link/scrdata/map/ev_kuro/ev_kuro.pma,375,2,160,0x817D0,02000000ffff00005017080000000000,2,65535,530256,0,5968,8,0,0,16,
/Users/acr/venus-braves/cdimage_unpacked/seven_data_link/scrdata/map/ev_kuro/ev_kuro.pma,376,2,896,0x81870,02000000ffff0000f017080000000000,2,65535,530416,0,6128,8,0,0,16,
/Users/acr/venus-braves/cdimage_unpacked/seven_data_link/scrdata/map/ev_kuro/ev_kuro.pma,377,2,1824,0x81BF0,02000000ffff00009018080000000000,2,65535,530576,0,6288,8,0,0,16,
/Users/acr/venus-braves/cdimage_unpacked/seven_data_link/scrdata/map/ev_kuro/ev_kuro.pma,378,2,1600,0x82310,02000000ffff0000101c080000000000,2,65535,531472,0,7184,8,0,0,16,
/Users/acr/venus-braves/cdimage_unpacked/seven_data_link/scrdata/map/ev_kuro/ev_kuro.pma,379,2,576,0x82950,02000000ffff00003023080000000000,2,65535,533296,0,9008,8,0,0,16,
/Users/acr/venus-braves/cdimage_unpacked/seven_data_link/scrdata/map/ev_kuro/ev_kuro.pma,380,2,192,0x82B90,02000000ffff00007029080000000000,2,65535,534896,0,10608,8,0,0,16,
/Users/acr/venus-braves/cdimage_unpacked/seven_data_link/scrdata/map/ev_kuro/ev_kuro.pma,381,2,544,0x82C50,02000000ffff0000b02b080000000000,2,65535,535472,0,11184,8,0,0,17,
/Users/acr/venus-braves/cdimage_unpacked/seven_data_link/scrdata/map/ev_kuro/ev_kuro.pma,382,2,192,0x82E70,02000000ffff0000702c080000000000,2,65535,535664,0,11376,8,0,0,16,
/Users/acr/venus-braves/cdimage_unpacked/seven_data_link/scrdata/map/ev_kuro/ev_kuro.pma,383,2,160,0x82F30,02000000ffff0000902e080000000000,2,65535,536208,0,11920,8,0,0,16,
/Users/acr/venus-braves/cdimage_unpacked/seven_data_link/scrdata/map/ev_kuro/ev_kuro.pma,384,2,160,0x82FD0,02000000ffff0000502f080000000000,2,65535,536400,0,12112,8,0,0,16,
/Users/acr/venus-braves/cdimage_unpacked/seven_data_link/scrdata/map/ev_kuro/ev_kuro.pma,385,2,160,0x83070,02000000ffff0000f02f080000000000,2,65535,536560,0,12272,8,0,0,16,
/Users/acr/venus-braves/cdimage_unpacked/seven_data_link/scrdata/map/ev_kuro/ev_kuro.pma,386,2,160,0x83110,02000000ffff00009030080000000000,2,65535,536720,0,12432,8,0,0,16,
/Users/acr/venus-braves/cdimage_unpacked/seven_data_link/scrdata/map/ev_kuro/ev_kuro.pma,387,2,576,0x831B0,02000000ffff00003031080000000000,2,65535,536880,0,12592,8,0,0,16,
/Users/acr/venus-braves/cdimage_unpacked/seven_data_link/scrdata/map/ev_kuro/ev_kuro.pma,388,2,928,0x833F0,02000000ffff0000d031080000000000,2,65535,537040,0,12752,8,0,0,16,
/Users/acr/venus-braves/cdimage_unpacked/seven_data_link/scrdata/map/ev_kuro/ev_kuro.pma,389,2,544,0x83790,02000000ffff00001034080000000000,2,65535,537616,0,13328,8,0,0,16,
/Users/acr/venus-braves/cdimage_unpacked/seven_data_link/scrdata/map/ev_kuro/ev_kuro.pma,390,2,160,0x839B0,02000000ffff0000b037080000000000,2,65535,538544,0,14256,8,0,0,16,
/Users/acr/venus-braves/cdimage_unpacked/seven_data_link/scrdata/map/ev_kuro/ev_kuro.pma,391,2,416,0x83A50,02000000ffff0000d039080000000000,2,65535,539088,0,14800,8,0,0,16,
/Users/acr/venus-braves/cdimage_unpacked/seven_data_link/scrdata/map/ev_kuro/ev_kuro.pma,392,2,160,0x83BF0,02000000ffff0000703a080000000000,2,65535,539248,0,14960,8,0,0,16,
/Users/acr/venus-braves/cdimage_unpacked/seven_data_link/scrdata/map/ev_kuro/ev_kuro.pma,393,2,160,0x83C90,02000000ffff0000103c080000000000,2,65535,539664,0,15376,8,0,0,16,
/Users/acr/venus-braves/cdimage_unpacked/seven_data_link/scrdata/map/ev_kuro/ev_kuro.pma,394,2,160,0x83D30,02000000ffff0000b03c080000000000,2,65535,539824,0,15536,8,0,0,16,
/Users/acr/venus-braves/cdimage_unpacked/seven_data_link/scrdata/map/ev_kuro/ev_kuro.pma,395,2,160,0x83DD0,02000000ffff0000503d080000000000,2,65535,539984,0,15696,8,0,0,16,
/Users/acr/venus-braves/cdimage_unpacked/seven_data_link/scrdata/map/ev_kuro/ev_kuro.pma,396,2,160,0x83E70,02000000ffff0000f03d080000000000,2,65535,540144,0,15856,8,0,0,16,
/Users/acr/venus-braves/cdimage_unpacked/seven_data_link/scrdata/map/ev_kuro/ev_kuro.pma,397,2,160,0x83F10,02000000ffff0000903e080000000000,2,65535,540304,0,16016,8,0,0,16,
/Users/acr/venus-braves/cdimage_unpacked/seven_data_link/scrdata/map/ev_kuro/ev_kuro.pma,398,2,640,0x83FB0,02000000ffff0000303f080000000000,2,65535,540464,0,16176,8,0,0,16,
/Users/acr/venus-braves/cdimage_unpacked/seven_data_link/scrdata/map/ev_kuro/ev_kuro.pma,399,2,352,0x84230,02000000ffff0000d03f080000000000,2,65535,540624,0,16336,8,0,0,17,
/Users/acr/venus-braves/cdimage_unpacked/seven_data_link/scrdata/map/ev_kuro/ev_kuro.pma,400,2,160,0x84390,02000000ffff00005042080000000000,2,65535,541264,0,16976,8,0,0,16,
/Users/acr/venus-braves/cdimage_unpacked/seven_data_link/scrdata/map/ev_kuro/ev_kuro.pma,401,2,160,0x84430,02000000ffff0000b043080000000000,2,65535,541616,0,17328,8,0,0,16,
/Users/acr/venus-braves/cdimage_unpacked/seven_data_link/scrdata/map/ev_kuro/ev_kuro.pma,402,2,160,0x844D0,02000000ffff00005044080000000000,2,65535,541776,0,17488,8,0,0,16,
/Users/acr/venus-braves/cdimage_unpacked/seven_data_link/scrdata/map/ev_kuro/ev_kuro.pma,403,2,160,0x84570,02000000ffff0000f044080000000000,2,65535,541936,0,17648,8,0,0,16,
/Users/acr/venus-braves/cdimage_unpacked/seven_data_link/scrdata/map/ev_kuro/ev_kuro.pma,404,2,160,0x84610,02000000ffff00009045080000000000,2,65535,542096,0,17808,8,0,0,16,
/Users/acr/venus-braves/cdimage_unpacked/seven_data_link/scrdata/map/ev_kuro/ev_kuro.pma,405,2,160,0x846B0,02000000ffff00003046080000000000,2,65535,542256,0,17968,8,0,0,16,
/Users/acr/venus-braves/cdimage_unpacked/seven_data_link/scrdata/map/ev_kuro/ev_kuro.pma,406,2,160,0x84750,02000000ffff0000d046080000000000,2,65535,542416,0,18128,8,0,0,16,
/Users/acr/venus-braves/cdimage_unpacked/seven_data_link/scrdata/map/ev_kuro/ev_kuro.pma,407,2,160,0x847F0,02000000ffff00007047080000000000,2,65535,542576,0,18288,8,0,0,16,
/Users/acr/venus-braves/cdimage_unpacked/seven_data_link/scrdata/map/ev_kuro/ev_kuro.pma,408,2,160,0x84890,02000000ffff00001048080000000000,2,65535,542736,0,18448,8,0,0,16,
/Users/acr/venus-braves/cdimage_unpacked/seven_data_link/scrdata/map/ev_kuro/ev_kuro.pma,409,2,256,0x84930,02000000ffff0000b048080000000000,2,65535,542896,0,18608,8,0,0,16,
/Users/acr/venus-braves/cdimage_unpacked/seven_data_link/scrdata/map/ev_kuro/ev_kuro.pma,410,2,160,0x84A30,02000000ffff00005049080000000000,2,65535,543056,0,18768,8,0,0,16,
/Users/acr/venus-braves/cdimage_unpacked/seven_data_link/scrdata/map/ev_kuro/ev_kuro.pma,411,2,160,0x84AD0,02000000ffff0000504a080000000000,2,65535,543312,0,19024,8,0,0,16,
/Users/acr/venus-braves/cdimage_unpacked/seven_data_link/scrdata/map/ev_kuro/ev_kuro.pma,412,2,160,0x84B70,02000000ffff0000f04a080000000000,2,65535,543472,0,19184,8,0,0,16,
/Users/acr/venus-braves/cdimage_unpacked/seven_data_link/scrdata/map/ev_kuro/ev_kuro.pma,413,2,160,0x84C10,02000000ffff0000904b080000000000,2,65535,543632,0,19344,8,0,0,16,
/Users/acr/venus-braves/cdimage_unpacked/seven_data_link/scrdata/map/ev_kuro/ev_kuro.pma,414,2,160,0x84CB0,02000000ffff0000304c080000000000,2,65535,543792,0,19504,8,0,0,16,
/Users/acr/venus-braves/cdimage_unpacked/seven_data_link/scrdata/map/ev_kuro/ev_kuro.pma,415,2,160,0x84D50,02000000ffff0000d04c080000000000,2,65535,543952,0,19664,8,0,0,16,
/Users/acr/venus-braves/cdimage_unpacked/seven_data_link/scrdata/map/ev_kuro/ev_kuro.pma,416,2,160,0x84DF0,02000000ffff0000704d080000000000,2,65535,544112,0,19824,8,0,0,16,
/Users/acr/venus-braves/cdimage_unpacked/seven_data_link/scrdata/map/ev_kuro/ev_kuro.pma,417,2,160,0x84E90,02000000ffff0000104e080000000000,2,65535,544272,0,19984,8,0,0,16,
/Users/acr/venus-braves/cdimage_unpacked/seven_data_link/scrdata/map/ev_kuro/ev_kuro.pma,418,2,160,0x84F30,02000000ffff0000b04e080000000000,2,65535,544432,0,20144,8,0,0,16,
/Users/acr/venus-braves/cdimage_unpacked/seven_data_link/scrdata/map/ev_kuro/ev_kuro.pma,419,2,160,0x84FD0,02000000ffff0000504f080000000000,2,65535,544592,0,20304,8,0,0,16,
/Users/acr/venus-braves/cdimage_unpacked/seven_data_link/scrdata/map/ev_kuro/ev_kuro.pma,420,2,28,0x85070,02000000ffff0000f04f080000000000,2,65535,544752,0,20464,8,0,0,16,
